USE [PersonDB]
GO
SET IDENTITY_INSERT [dbo].[Persons] ON 
GO
INSERT [dbo].[Persons] ([PersonId], [Name], [Vorname], [Geburtsdatum]) VALUES (1, N'Schmidt', N'Lena', CAST(N'2004-04-26T00:00:00.0000000' AS DateTime2))
GO
INSERT [dbo].[Persons] ([PersonId], [Name], [Vorname], [Geburtsdatum]) VALUES (2, N'Klein', N'Sophie', CAST(N'1983-09-05T00:00:00.0000000' AS DateTime2))
GO
INSERT [dbo].[Persons] ([PersonId], [Name], [Vorname], [Geburtsdatum]) VALUES (3, N'Hoffmann', N'Lena', CAST(N'2002-09-19T00:00:00.0000000' AS DateTime2))
GO
INSERT [dbo].[Persons] ([PersonId], [Name], [Vorname], [Geburtsdatum]) VALUES (4, N'Wolf', N'Jan', CAST(N'1987-04-09T00:00:00.0000000' AS DateTime2))
GO
INSERT [dbo].[Persons] ([PersonId], [Name], [Vorname], [Geburtsdatum]) VALUES (5, N'Neumann', N'Sophie', CAST(N'1971-01-26T00:00:00.0000000' AS DateTime2))
GO
INSERT [dbo].[Persons] ([PersonId], [Name], [Vorname], [Geburtsdatum]) VALUES (6, N'Schmidt', N'Felix', CAST(N'2000-06-09T00:00:00.0000000' AS DateTime2))
GO
INSERT [dbo].[Persons] ([PersonId], [Name], [Vorname], [Geburtsdatum]) VALUES (7, N'Schmidt', N'Max', CAST(N'1988-08-24T00:00:00.0000000' AS DateTime2))
GO
INSERT [dbo].[Persons] ([PersonId], [Name], [Vorname], [Geburtsdatum]) VALUES (8, N'Schmidt', N'Anna', CAST(N'1996-02-25T00:00:00.0000000' AS DateTime2))
GO
INSERT [dbo].[Persons] ([PersonId], [Name], [Vorname], [Geburtsdatum]) VALUES (9, N'Meier', N'Jan', CAST(N'1967-11-01T00:00:00.0000000' AS DateTime2))
GO
INSERT [dbo].[Persons] ([PersonId], [Name], [Vorname], [Geburtsdatum]) VALUES (10, N'Hoffmann', N'Felix', CAST(N'1960-01-16T00:00:00.0000000' AS DateTime2))
GO
INSERT [dbo].[Persons] ([PersonId], [Name], [Vorname], [Geburtsdatum]) VALUES (11, N'Weber', N'Jan', CAST(N'1988-08-04T00:00:00.0000000' AS DateTime2))
GO
INSERT [dbo].[Persons] ([PersonId], [Name], [Vorname], [Geburtsdatum]) VALUES (12, N'Schmidt', N'Laura', CAST(N'1979-10-11T00:00:00.0000000' AS DateTime2))
GO
INSERT [dbo].[Persons] ([PersonId], [Name], [Vorname], [Geburtsdatum]) VALUES (13, N'Müller', N'Peter', CAST(N'1981-05-11T00:00:00.0000000' AS DateTime2))
GO
INSERT [dbo].[Persons] ([PersonId], [Name], [Vorname], [Geburtsdatum]) VALUES (14, N'Müller', N'Laura', CAST(N'1967-03-13T00:00:00.0000000' AS DateTime2))
GO
INSERT [dbo].[Persons] ([PersonId], [Name], [Vorname], [Geburtsdatum]) VALUES (15, N'Fischer', N'Max', CAST(N'2002-07-05T00:00:00.0000000' AS DateTime2))
GO
INSERT [dbo].[Persons] ([PersonId], [Name], [Vorname], [Geburtsdatum]) VALUES (16, N'Hoffmann', N'Felix', CAST(N'1960-09-01T00:00:00.0000000' AS DateTime2))
GO
INSERT [dbo].[Persons] ([PersonId], [Name], [Vorname], [Geburtsdatum]) VALUES (17, N'Hoffmann', N'Anna', CAST(N'1989-11-08T00:00:00.0000000' AS DateTime2))
GO
INSERT [dbo].[Persons] ([PersonId], [Name], [Vorname], [Geburtsdatum]) VALUES (18, N'Fischer', N'Laura', CAST(N'1975-05-04T00:00:00.0000000' AS DateTime2))
GO
INSERT [dbo].[Persons] ([PersonId], [Name], [Vorname], [Geburtsdatum]) VALUES (19, N'Becker', N'Anna', CAST(N'1983-10-04T00:00:00.0000000' AS DateTime2))
GO
INSERT [dbo].[Persons] ([PersonId], [Name], [Vorname], [Geburtsdatum]) VALUES (20, N'Fischer', N'Jan', CAST(N'1984-10-06T00:00:00.0000000' AS DateTime2))
GO
INSERT [dbo].[Persons] ([PersonId], [Name], [Vorname], [Geburtsdatum]) VALUES (21, N'Weber', N'Max', CAST(N'1981-12-18T00:00:00.0000000' AS DateTime2))
GO
INSERT [dbo].[Persons] ([PersonId], [Name], [Vorname], [Geburtsdatum]) VALUES (22, N'Hoffmann', N'Anna', CAST(N'1962-07-12T00:00:00.0000000' AS DateTime2))
GO
INSERT [dbo].[Persons] ([PersonId], [Name], [Vorname], [Geburtsdatum]) VALUES (23, N'Becker', N'Felix', CAST(N'1969-05-18T00:00:00.0000000' AS DateTime2))
GO
INSERT [dbo].[Persons] ([PersonId], [Name], [Vorname], [Geburtsdatum]) VALUES (24, N'Meier', N'Tom', CAST(N'1984-06-05T00:00:00.0000000' AS DateTime2))
GO
INSERT [dbo].[Persons] ([PersonId], [Name], [Vorname], [Geburtsdatum]) VALUES (25, N'Neumann', N'Jan', CAST(N'1960-08-17T00:00:00.0000000' AS DateTime2))
GO
INSERT [dbo].[Persons] ([PersonId], [Name], [Vorname], [Geburtsdatum]) VALUES (26, N'Schmidt', N'Felix', CAST(N'1993-07-07T00:00:00.0000000' AS DateTime2))
GO
INSERT [dbo].[Persons] ([PersonId], [Name], [Vorname], [Geburtsdatum]) VALUES (27, N'Wolf', N'Lena', CAST(N'1982-02-24T00:00:00.0000000' AS DateTime2))
GO
INSERT [dbo].[Persons] ([PersonId], [Name], [Vorname], [Geburtsdatum]) VALUES (28, N'Wolf', N'Lena', CAST(N'1999-03-22T00:00:00.0000000' AS DateTime2))
GO
INSERT [dbo].[Persons] ([PersonId], [Name], [Vorname], [Geburtsdatum]) VALUES (29, N'Weber', N'Sophie', CAST(N'1980-01-08T00:00:00.0000000' AS DateTime2))
GO
INSERT [dbo].[Persons] ([PersonId], [Name], [Vorname], [Geburtsdatum]) VALUES (30, N'Wolf', N'Jan', CAST(N'1986-01-08T00:00:00.0000000' AS DateTime2))
GO
INSERT [dbo].[Persons] ([PersonId], [Name], [Vorname], [Geburtsdatum]) VALUES (31, N'Weber', N'Clara', CAST(N'1991-03-11T00:00:00.0000000' AS DateTime2))
GO
INSERT [dbo].[Persons] ([PersonId], [Name], [Vorname], [Geburtsdatum]) VALUES (32, N'Meier', N'Clara', CAST(N'2000-06-01T00:00:00.0000000' AS DateTime2))
GO
INSERT [dbo].[Persons] ([PersonId], [Name], [Vorname], [Geburtsdatum]) VALUES (33, N'Weber', N'Lena', CAST(N'1993-06-08T00:00:00.0000000' AS DateTime2))
GO
INSERT [dbo].[Persons] ([PersonId], [Name], [Vorname], [Geburtsdatum]) VALUES (34, N'Meier', N'Sophie', CAST(N'2001-08-13T00:00:00.0000000' AS DateTime2))
GO
INSERT [dbo].[Persons] ([PersonId], [Name], [Vorname], [Geburtsdatum]) VALUES (35, N'Schmidt', N'Clara', CAST(N'1997-08-07T00:00:00.0000000' AS DateTime2))
GO
INSERT [dbo].[Persons] ([PersonId], [Name], [Vorname], [Geburtsdatum]) VALUES (36, N'Hoffmann', N'Tom', CAST(N'1972-10-01T00:00:00.0000000' AS DateTime2))
GO
INSERT [dbo].[Persons] ([PersonId], [Name], [Vorname], [Geburtsdatum]) VALUES (37, N'Wolf', N'Laura', CAST(N'1960-11-24T00:00:00.0000000' AS DateTime2))
GO
INSERT [dbo].[Persons] ([PersonId], [Name], [Vorname], [Geburtsdatum]) VALUES (38, N'Neumann', N'Jan', CAST(N'1974-06-27T00:00:00.0000000' AS DateTime2))
GO
INSERT [dbo].[Persons] ([PersonId], [Name], [Vorname], [Geburtsdatum]) VALUES (39, N'Wolf', N'Lena', CAST(N'1963-02-21T00:00:00.0000000' AS DateTime2))
GO
INSERT [dbo].[Persons] ([PersonId], [Name], [Vorname], [Geburtsdatum]) VALUES (40, N'Schmidt', N'Tom', CAST(N'1966-01-14T00:00:00.0000000' AS DateTime2))
GO
INSERT [dbo].[Persons] ([PersonId], [Name], [Vorname], [Geburtsdatum]) VALUES (41, N'Weber', N'Laura', CAST(N'1990-08-19T00:00:00.0000000' AS DateTime2))
GO
INSERT [dbo].[Persons] ([PersonId], [Name], [Vorname], [Geburtsdatum]) VALUES (42, N'Meier', N'Felix', CAST(N'1972-12-16T00:00:00.0000000' AS DateTime2))
GO
INSERT [dbo].[Persons] ([PersonId], [Name], [Vorname], [Geburtsdatum]) VALUES (43, N'Müller', N'Jan', CAST(N'2000-10-24T00:00:00.0000000' AS DateTime2))
GO
INSERT [dbo].[Persons] ([PersonId], [Name], [Vorname], [Geburtsdatum]) VALUES (44, N'Becker', N'Peter', CAST(N'1990-11-09T00:00:00.0000000' AS DateTime2))
GO
INSERT [dbo].[Persons] ([PersonId], [Name], [Vorname], [Geburtsdatum]) VALUES (45, N'Wolf', N'Felix', CAST(N'1971-05-09T00:00:00.0000000' AS DateTime2))
GO
INSERT [dbo].[Persons] ([PersonId], [Name], [Vorname], [Geburtsdatum]) VALUES (46, N'Becker', N'Jan', CAST(N'1971-11-18T00:00:00.0000000' AS DateTime2))
GO
INSERT [dbo].[Persons] ([PersonId], [Name], [Vorname], [Geburtsdatum]) VALUES (47, N'Schmidt', N'Lena', CAST(N'1962-01-18T00:00:00.0000000' AS DateTime2))
GO
INSERT [dbo].[Persons] ([PersonId], [Name], [Vorname], [Geburtsdatum]) VALUES (48, N'Schmidt', N'Clara', CAST(N'1995-08-04T00:00:00.0000000' AS DateTime2))
GO
INSERT [dbo].[Persons] ([PersonId], [Name], [Vorname], [Geburtsdatum]) VALUES (49, N'Schmidt', N'Jan', CAST(N'1993-12-22T00:00:00.0000000' AS DateTime2))
GO
INSERT [dbo].[Persons] ([PersonId], [Name], [Vorname], [Geburtsdatum]) VALUES (50, N'Müller', N'Anna', CAST(N'2004-02-27T00:00:00.0000000' AS DateTime2))
GO
INSERT [dbo].[Persons] ([PersonId], [Name], [Vorname], [Geburtsdatum]) VALUES (51, N'Hoffmann', N'Tom', CAST(N'2000-05-14T00:00:00.0000000' AS DateTime2))
GO
INSERT [dbo].[Persons] ([PersonId], [Name], [Vorname], [Geburtsdatum]) VALUES (52, N'Fischer', N'Sophie', CAST(N'1970-01-12T00:00:00.0000000' AS DateTime2))
GO
INSERT [dbo].[Persons] ([PersonId], [Name], [Vorname], [Geburtsdatum]) VALUES (53, N'Fischer', N'Jan', CAST(N'1996-07-04T00:00:00.0000000' AS DateTime2))
GO
INSERT [dbo].[Persons] ([PersonId], [Name], [Vorname], [Geburtsdatum]) VALUES (54, N'Fischer', N'Felix', CAST(N'1999-04-02T00:00:00.0000000' AS DateTime2))
GO
INSERT [dbo].[Persons] ([PersonId], [Name], [Vorname], [Geburtsdatum]) VALUES (55, N'Becker', N'Anna', CAST(N'2001-12-16T00:00:00.0000000' AS DateTime2))
GO
INSERT [dbo].[Persons] ([PersonId], [Name], [Vorname], [Geburtsdatum]) VALUES (56, N'Meier', N'Felix', CAST(N'1979-12-09T00:00:00.0000000' AS DateTime2))
GO
INSERT [dbo].[Persons] ([PersonId], [Name], [Vorname], [Geburtsdatum]) VALUES (57, N'Klein', N'Lena', CAST(N'1963-10-25T00:00:00.0000000' AS DateTime2))
GO
INSERT [dbo].[Persons] ([PersonId], [Name], [Vorname], [Geburtsdatum]) VALUES (58, N'Meier', N'Sophie', CAST(N'1975-01-17T00:00:00.0000000' AS DateTime2))
GO
INSERT [dbo].[Persons] ([PersonId], [Name], [Vorname], [Geburtsdatum]) VALUES (59, N'Müller', N'Lena', CAST(N'1971-09-21T00:00:00.0000000' AS DateTime2))
GO
INSERT [dbo].[Persons] ([PersonId], [Name], [Vorname], [Geburtsdatum]) VALUES (60, N'Schmidt', N'Tom', CAST(N'1961-05-01T00:00:00.0000000' AS DateTime2))
GO
INSERT [dbo].[Persons] ([PersonId], [Name], [Vorname], [Geburtsdatum]) VALUES (61, N'Wolf', N'Anna', CAST(N'1983-03-12T00:00:00.0000000' AS DateTime2))
GO
INSERT [dbo].[Persons] ([PersonId], [Name], [Vorname], [Geburtsdatum]) VALUES (62, N'Wolf', N'Jan', CAST(N'1995-03-12T00:00:00.0000000' AS DateTime2))
GO
INSERT [dbo].[Persons] ([PersonId], [Name], [Vorname], [Geburtsdatum]) VALUES (63, N'Weber', N'Max', CAST(N'1987-10-22T00:00:00.0000000' AS DateTime2))
GO
INSERT [dbo].[Persons] ([PersonId], [Name], [Vorname], [Geburtsdatum]) VALUES (64, N'Schmidt', N'Lena', CAST(N'1966-03-17T00:00:00.0000000' AS DateTime2))
GO
INSERT [dbo].[Persons] ([PersonId], [Name], [Vorname], [Geburtsdatum]) VALUES (65, N'Fischer', N'Anna', CAST(N'1984-09-25T00:00:00.0000000' AS DateTime2))
GO
INSERT [dbo].[Persons] ([PersonId], [Name], [Vorname], [Geburtsdatum]) VALUES (66, N'Weber', N'Felix', CAST(N'1976-12-15T00:00:00.0000000' AS DateTime2))
GO
INSERT [dbo].[Persons] ([PersonId], [Name], [Vorname], [Geburtsdatum]) VALUES (67, N'Neumann', N'Clara', CAST(N'2002-12-02T00:00:00.0000000' AS DateTime2))
GO
INSERT [dbo].[Persons] ([PersonId], [Name], [Vorname], [Geburtsdatum]) VALUES (68, N'Neumann', N'Lena', CAST(N'1997-05-26T00:00:00.0000000' AS DateTime2))
GO
INSERT [dbo].[Persons] ([PersonId], [Name], [Vorname], [Geburtsdatum]) VALUES (69, N'Neumann', N'Felix', CAST(N'1971-09-18T00:00:00.0000000' AS DateTime2))
GO
INSERT [dbo].[Persons] ([PersonId], [Name], [Vorname], [Geburtsdatum]) VALUES (70, N'Müller', N'Max', CAST(N'1990-03-24T00:00:00.0000000' AS DateTime2))
GO
INSERT [dbo].[Persons] ([PersonId], [Name], [Vorname], [Geburtsdatum]) VALUES (71, N'Weber', N'Clara', CAST(N'1999-06-26T00:00:00.0000000' AS DateTime2))
GO
INSERT [dbo].[Persons] ([PersonId], [Name], [Vorname], [Geburtsdatum]) VALUES (72, N'Wolf', N'Felix', CAST(N'1990-09-21T00:00:00.0000000' AS DateTime2))
GO
INSERT [dbo].[Persons] ([PersonId], [Name], [Vorname], [Geburtsdatum]) VALUES (73, N'Becker', N'Laura', CAST(N'1986-10-07T00:00:00.0000000' AS DateTime2))
GO
INSERT [dbo].[Persons] ([PersonId], [Name], [Vorname], [Geburtsdatum]) VALUES (74, N'Meier', N'Felix', CAST(N'1982-08-19T00:00:00.0000000' AS DateTime2))
GO
INSERT [dbo].[Persons] ([PersonId], [Name], [Vorname], [Geburtsdatum]) VALUES (75, N'Klein', N'Sophie', CAST(N'1980-09-15T00:00:00.0000000' AS DateTime2))
GO
INSERT [dbo].[Persons] ([PersonId], [Name], [Vorname], [Geburtsdatum]) VALUES (76, N'Neumann', N'Max', CAST(N'1982-06-22T00:00:00.0000000' AS DateTime2))
GO
INSERT [dbo].[Persons] ([PersonId], [Name], [Vorname], [Geburtsdatum]) VALUES (77, N'Wolf', N'Tom', CAST(N'1983-08-24T00:00:00.0000000' AS DateTime2))
GO
INSERT [dbo].[Persons] ([PersonId], [Name], [Vorname], [Geburtsdatum]) VALUES (78, N'Meier', N'Jan', CAST(N'1982-03-01T00:00:00.0000000' AS DateTime2))
GO
INSERT [dbo].[Persons] ([PersonId], [Name], [Vorname], [Geburtsdatum]) VALUES (79, N'Klein', N'Max', CAST(N'1985-07-02T00:00:00.0000000' AS DateTime2))
GO
INSERT [dbo].[Persons] ([PersonId], [Name], [Vorname], [Geburtsdatum]) VALUES (80, N'Hoffmann', N'Clara', CAST(N'1980-02-04T00:00:00.0000000' AS DateTime2))
GO
INSERT [dbo].[Persons] ([PersonId], [Name], [Vorname], [Geburtsdatum]) VALUES (81, N'Meier', N'Peter', CAST(N'1978-10-15T00:00:00.0000000' AS DateTime2))
GO
INSERT [dbo].[Persons] ([PersonId], [Name], [Vorname], [Geburtsdatum]) VALUES (82, N'Wolf', N'Max', CAST(N'1991-04-17T00:00:00.0000000' AS DateTime2))
GO
INSERT [dbo].[Persons] ([PersonId], [Name], [Vorname], [Geburtsdatum]) VALUES (83, N'Neumann', N'Jan', CAST(N'1994-06-22T00:00:00.0000000' AS DateTime2))
GO
INSERT [dbo].[Persons] ([PersonId], [Name], [Vorname], [Geburtsdatum]) VALUES (84, N'Hoffmann', N'Jan', CAST(N'1992-03-23T00:00:00.0000000' AS DateTime2))
GO
INSERT [dbo].[Persons] ([PersonId], [Name], [Vorname], [Geburtsdatum]) VALUES (85, N'Müller', N'Tom', CAST(N'1963-02-22T00:00:00.0000000' AS DateTime2))
GO
INSERT [dbo].[Persons] ([PersonId], [Name], [Vorname], [Geburtsdatum]) VALUES (86, N'Becker', N'Laura', CAST(N'1969-10-14T00:00:00.0000000' AS DateTime2))
GO
INSERT [dbo].[Persons] ([PersonId], [Name], [Vorname], [Geburtsdatum]) VALUES (87, N'Becker', N'Jan', CAST(N'1961-12-18T00:00:00.0000000' AS DateTime2))
GO
INSERT [dbo].[Persons] ([PersonId], [Name], [Vorname], [Geburtsdatum]) VALUES (88, N'Klein', N'Clara', CAST(N'2004-03-05T00:00:00.0000000' AS DateTime2))
GO
INSERT [dbo].[Persons] ([PersonId], [Name], [Vorname], [Geburtsdatum]) VALUES (89, N'Klein', N'Clara', CAST(N'1989-07-11T00:00:00.0000000' AS DateTime2))
GO
INSERT [dbo].[Persons] ([PersonId], [Name], [Vorname], [Geburtsdatum]) VALUES (90, N'Wolf', N'Felix', CAST(N'1985-06-22T00:00:00.0000000' AS DateTime2))
GO
INSERT [dbo].[Persons] ([PersonId], [Name], [Vorname], [Geburtsdatum]) VALUES (91, N'Schmidt', N'Jan', CAST(N'1991-02-07T00:00:00.0000000' AS DateTime2))
GO
INSERT [dbo].[Persons] ([PersonId], [Name], [Vorname], [Geburtsdatum]) VALUES (92, N'Neumann', N'Sophie', CAST(N'1985-07-04T00:00:00.0000000' AS DateTime2))
GO
INSERT [dbo].[Persons] ([PersonId], [Name], [Vorname], [Geburtsdatum]) VALUES (93, N'Meier', N'Laura', CAST(N'1981-11-10T00:00:00.0000000' AS DateTime2))
GO
INSERT [dbo].[Persons] ([PersonId], [Name], [Vorname], [Geburtsdatum]) VALUES (94, N'Meier', N'Max', CAST(N'1982-03-04T00:00:00.0000000' AS DateTime2))
GO
INSERT [dbo].[Persons] ([PersonId], [Name], [Vorname], [Geburtsdatum]) VALUES (95, N'Hoffmann', N'Max', CAST(N'1989-04-16T00:00:00.0000000' AS DateTime2))
GO
INSERT [dbo].[Persons] ([PersonId], [Name], [Vorname], [Geburtsdatum]) VALUES (96, N'Klein', N'Tom', CAST(N'1977-12-02T00:00:00.0000000' AS DateTime2))
GO
INSERT [dbo].[Persons] ([PersonId], [Name], [Vorname], [Geburtsdatum]) VALUES (97, N'Fischer', N'Jan', CAST(N'1971-03-13T00:00:00.0000000' AS DateTime2))
GO
INSERT [dbo].[Persons] ([PersonId], [Name], [Vorname], [Geburtsdatum]) VALUES (98, N'Becker', N'Lena', CAST(N'1974-05-12T00:00:00.0000000' AS DateTime2))
GO
INSERT [dbo].[Persons] ([PersonId], [Name], [Vorname], [Geburtsdatum]) VALUES (99, N'Müller', N'Peter', CAST(N'1989-01-15T00:00:00.0000000' AS DateTime2))
GO
INSERT [dbo].[Persons] ([PersonId], [Name], [Vorname], [Geburtsdatum]) VALUES (100, N'Weber', N'Felix', CAST(N'2004-03-08T00:00:00.0000000' AS DateTime2))
GO
SET IDENTITY_INSERT [dbo].[Persons] OFF
GO
SET IDENTITY_INSERT [dbo].[Anschriften] ON 
GO
INSERT [dbo].[Anschriften] ([AnschriftId], [Ort], [Strasse], [Hausnummer], [Postleitzahl], [PersonId]) VALUES (1, N'Stuttgart', N'Schillerstr.', N'41', N'20823', 1)
GO
INSERT [dbo].[Anschriften] ([AnschriftId], [Ort], [Strasse], [Hausnummer], [Postleitzahl], [PersonId]) VALUES (2, N'Hamburg', N'Marienplatz', N'12', N'60921', 2)
GO
INSERT [dbo].[Anschriften] ([AnschriftId], [Ort], [Strasse], [Hausnummer], [Postleitzahl], [PersonId]) VALUES (3, N'Berlin', N'Schillerstr.', N'12', N'87502', 3)
GO
INSERT [dbo].[Anschriften] ([AnschriftId], [Ort], [Strasse], [Hausnummer], [Postleitzahl], [PersonId]) VALUES (4, N'Frankfurt', N'Schillerstr.', N'38', N'11382', 3)
GO
INSERT [dbo].[Anschriften] ([AnschriftId], [Ort], [Strasse], [Hausnummer], [Postleitzahl], [PersonId]) VALUES (5, N'München', N'Goethestr.', N'42', N'70894', 4)
GO
INSERT [dbo].[Anschriften] ([AnschriftId], [Ort], [Strasse], [Hausnummer], [Postleitzahl], [PersonId]) VALUES (6, N'Dresden', N'Marienplatz', N'9', N'93424', 5)
GO
INSERT [dbo].[Anschriften] ([AnschriftId], [Ort], [Strasse], [Hausnummer], [Postleitzahl], [PersonId]) VALUES (7, N'München', N'Bahnhofstr.', N'17', N'68323', 6)
GO
INSERT [dbo].[Anschriften] ([AnschriftId], [Ort], [Strasse], [Hausnummer], [Postleitzahl], [PersonId]) VALUES (8, N'Leipzig', N'Bahnhofstr.', N'27', N'32579', 6)
GO
INSERT [dbo].[Anschriften] ([AnschriftId], [Ort], [Strasse], [Hausnummer], [Postleitzahl], [PersonId]) VALUES (9, N'Berlin', N'Friedrichstr.', N'21', N'42239', 6)
GO
INSERT [dbo].[Anschriften] ([AnschriftId], [Ort], [Strasse], [Hausnummer], [Postleitzahl], [PersonId]) VALUES (10, N'Köln', N'Marienplatz', N'5', N'68265', 7)
GO
INSERT [dbo].[Anschriften] ([AnschriftId], [Ort], [Strasse], [Hausnummer], [Postleitzahl], [PersonId]) VALUES (11, N'Stuttgart', N'Bahnhofstr.', N'49', N'52864', 8)
GO
INSERT [dbo].[Anschriften] ([AnschriftId], [Ort], [Strasse], [Hausnummer], [Postleitzahl], [PersonId]) VALUES (12, N'München', N'Goethestr.', N'25', N'90570', 8)
GO
INSERT [dbo].[Anschriften] ([AnschriftId], [Ort], [Strasse], [Hausnummer], [Postleitzahl], [PersonId]) VALUES (13, N'Berlin', N'Bahnhofstr.', N'22', N'86966', 9)
GO
INSERT [dbo].[Anschriften] ([AnschriftId], [Ort], [Strasse], [Hausnummer], [Postleitzahl], [PersonId]) VALUES (14, N'Frankfurt', N'Friedrichstr.', N'39', N'74602', 10)
GO
INSERT [dbo].[Anschriften] ([AnschriftId], [Ort], [Strasse], [Hausnummer], [Postleitzahl], [PersonId]) VALUES (15, N'Berlin', N'Hauptstr.', N'19', N'72122', 10)
GO
INSERT [dbo].[Anschriften] ([AnschriftId], [Ort], [Strasse], [Hausnummer], [Postleitzahl], [PersonId]) VALUES (16, N'Stuttgart', N'Friedrichstr.', N'4', N'96707', 10)
GO
INSERT [dbo].[Anschriften] ([AnschriftId], [Ort], [Strasse], [Hausnummer], [Postleitzahl], [PersonId]) VALUES (17, N'München', N'Friedrichstr.', N'25', N'93984', 11)
GO
INSERT [dbo].[Anschriften] ([AnschriftId], [Ort], [Strasse], [Hausnummer], [Postleitzahl], [PersonId]) VALUES (18, N'Dresden', N'Marienplatz', N'19', N'40870', 12)
GO
INSERT [dbo].[Anschriften] ([AnschriftId], [Ort], [Strasse], [Hausnummer], [Postleitzahl], [PersonId]) VALUES (19, N'München', N'Goethestr.', N'41', N'62717', 13)
GO
INSERT [dbo].[Anschriften] ([AnschriftId], [Ort], [Strasse], [Hausnummer], [Postleitzahl], [PersonId]) VALUES (20, N'Frankfurt', N'Bahnhofstr.', N'46', N'30395', 13)
GO
INSERT [dbo].[Anschriften] ([AnschriftId], [Ort], [Strasse], [Hausnummer], [Postleitzahl], [PersonId]) VALUES (21, N'Dresden', N'Hauptstr.', N'3', N'10934', 13)
GO
INSERT [dbo].[Anschriften] ([AnschriftId], [Ort], [Strasse], [Hausnummer], [Postleitzahl], [PersonId]) VALUES (22, N'München', N'Friedrichstr.', N'35', N'55932', 14)
GO
INSERT [dbo].[Anschriften] ([AnschriftId], [Ort], [Strasse], [Hausnummer], [Postleitzahl], [PersonId]) VALUES (23, N'Köln', N'Goethestr.', N'28', N'10161', 14)
GO
INSERT [dbo].[Anschriften] ([AnschriftId], [Ort], [Strasse], [Hausnummer], [Postleitzahl], [PersonId]) VALUES (24, N'Stuttgart', N'Goethestr.', N'49', N'36342', 14)
GO
INSERT [dbo].[Anschriften] ([AnschriftId], [Ort], [Strasse], [Hausnummer], [Postleitzahl], [PersonId]) VALUES (25, N'Hamburg', N'Marienplatz', N'43', N'75439', 15)
GO
INSERT [dbo].[Anschriften] ([AnschriftId], [Ort], [Strasse], [Hausnummer], [Postleitzahl], [PersonId]) VALUES (26, N'München', N'Goethestr.', N'7', N'35384', 15)
GO
INSERT [dbo].[Anschriften] ([AnschriftId], [Ort], [Strasse], [Hausnummer], [Postleitzahl], [PersonId]) VALUES (27, N'Dresden', N'Goethestr.', N'35', N'17037', 15)
GO
INSERT [dbo].[Anschriften] ([AnschriftId], [Ort], [Strasse], [Hausnummer], [Postleitzahl], [PersonId]) VALUES (28, N'Berlin', N'Friedrichstr.', N'11', N'49085', 16)
GO
INSERT [dbo].[Anschriften] ([AnschriftId], [Ort], [Strasse], [Hausnummer], [Postleitzahl], [PersonId]) VALUES (29, N'Dresden', N'Schillerstr.', N'26', N'41468', 16)
GO
INSERT [dbo].[Anschriften] ([AnschriftId], [Ort], [Strasse], [Hausnummer], [Postleitzahl], [PersonId]) VALUES (30, N'Leipzig', N'Friedrichstr.', N'36', N'97839', 17)
GO
INSERT [dbo].[Anschriften] ([AnschriftId], [Ort], [Strasse], [Hausnummer], [Postleitzahl], [PersonId]) VALUES (31, N'Leipzig', N'Friedrichstr.', N'30', N'57933', 18)
GO
INSERT [dbo].[Anschriften] ([AnschriftId], [Ort], [Strasse], [Hausnummer], [Postleitzahl], [PersonId]) VALUES (32, N'München', N'Schillerstr.', N'15', N'23600', 19)
GO
INSERT [dbo].[Anschriften] ([AnschriftId], [Ort], [Strasse], [Hausnummer], [Postleitzahl], [PersonId]) VALUES (33, N'Hamburg', N'Friedrichstr.', N'11', N'92998', 20)
GO
INSERT [dbo].[Anschriften] ([AnschriftId], [Ort], [Strasse], [Hausnummer], [Postleitzahl], [PersonId]) VALUES (34, N'Frankfurt', N'Friedrichstr.', N'37', N'96093', 20)
GO
INSERT [dbo].[Anschriften] ([AnschriftId], [Ort], [Strasse], [Hausnummer], [Postleitzahl], [PersonId]) VALUES (35, N'Hamburg', N'Hauptstr.', N'26', N'97156', 21)
GO
INSERT [dbo].[Anschriften] ([AnschriftId], [Ort], [Strasse], [Hausnummer], [Postleitzahl], [PersonId]) VALUES (36, N'Frankfurt', N'Jungfernstieg', N'38', N'98370', 21)
GO
INSERT [dbo].[Anschriften] ([AnschriftId], [Ort], [Strasse], [Hausnummer], [Postleitzahl], [PersonId]) VALUES (37, N'Stuttgart', N'Schillerstr.', N'21', N'76448', 22)
GO
INSERT [dbo].[Anschriften] ([AnschriftId], [Ort], [Strasse], [Hausnummer], [Postleitzahl], [PersonId]) VALUES (38, N'Köln', N'Hauptstr.', N'44', N'36185', 23)
GO
INSERT [dbo].[Anschriften] ([AnschriftId], [Ort], [Strasse], [Hausnummer], [Postleitzahl], [PersonId]) VALUES (39, N'Hamburg', N'Jungfernstieg', N'35', N'81585', 23)
GO
INSERT [dbo].[Anschriften] ([AnschriftId], [Ort], [Strasse], [Hausnummer], [Postleitzahl], [PersonId]) VALUES (40, N'Hamburg', N'Jungfernstieg', N'40', N'80033', 23)
GO
INSERT [dbo].[Anschriften] ([AnschriftId], [Ort], [Strasse], [Hausnummer], [Postleitzahl], [PersonId]) VALUES (41, N'Leipzig', N'Marienplatz', N'3', N'19057', 24)
GO
INSERT [dbo].[Anschriften] ([AnschriftId], [Ort], [Strasse], [Hausnummer], [Postleitzahl], [PersonId]) VALUES (42, N'Frankfurt', N'Bahnhofstr.', N'45', N'96873', 24)
GO
INSERT [dbo].[Anschriften] ([AnschriftId], [Ort], [Strasse], [Hausnummer], [Postleitzahl], [PersonId]) VALUES (43, N'Stuttgart', N'Schillerstr.', N'28', N'72865', 24)
GO
INSERT [dbo].[Anschriften] ([AnschriftId], [Ort], [Strasse], [Hausnummer], [Postleitzahl], [PersonId]) VALUES (44, N'München', N'Friedrichstr.', N'43', N'81876', 25)
GO
INSERT [dbo].[Anschriften] ([AnschriftId], [Ort], [Strasse], [Hausnummer], [Postleitzahl], [PersonId]) VALUES (45, N'Leipzig', N'Hauptstr.', N'43', N'90061', 26)
GO
INSERT [dbo].[Anschriften] ([AnschriftId], [Ort], [Strasse], [Hausnummer], [Postleitzahl], [PersonId]) VALUES (46, N'Stuttgart', N'Bahnhofstr.', N'5', N'59497', 27)
GO
INSERT [dbo].[Anschriften] ([AnschriftId], [Ort], [Strasse], [Hausnummer], [Postleitzahl], [PersonId]) VALUES (47, N'München', N'Goethestr.', N'45', N'55963', 27)
GO
INSERT [dbo].[Anschriften] ([AnschriftId], [Ort], [Strasse], [Hausnummer], [Postleitzahl], [PersonId]) VALUES (48, N'Dresden', N'Friedrichstr.', N'17', N'66245', 27)
GO
INSERT [dbo].[Anschriften] ([AnschriftId], [Ort], [Strasse], [Hausnummer], [Postleitzahl], [PersonId]) VALUES (49, N'Stuttgart', N'Jungfernstieg', N'9', N'87577', 28)
GO
INSERT [dbo].[Anschriften] ([AnschriftId], [Ort], [Strasse], [Hausnummer], [Postleitzahl], [PersonId]) VALUES (50, N'Berlin', N'Bahnhofstr.', N'33', N'64743', 28)
GO
INSERT [dbo].[Anschriften] ([AnschriftId], [Ort], [Strasse], [Hausnummer], [Postleitzahl], [PersonId]) VALUES (51, N'Hamburg', N'Schillerstr.', N'48', N'24889', 28)
GO
INSERT [dbo].[Anschriften] ([AnschriftId], [Ort], [Strasse], [Hausnummer], [Postleitzahl], [PersonId]) VALUES (52, N'Dresden', N'Hauptstr.', N'25', N'59983', 29)
GO
INSERT [dbo].[Anschriften] ([AnschriftId], [Ort], [Strasse], [Hausnummer], [Postleitzahl], [PersonId]) VALUES (53, N'Stuttgart', N'Bahnhofstr.', N'28', N'82393', 29)
GO
INSERT [dbo].[Anschriften] ([AnschriftId], [Ort], [Strasse], [Hausnummer], [Postleitzahl], [PersonId]) VALUES (54, N'München', N'Jungfernstieg', N'10', N'16848', 30)
GO
INSERT [dbo].[Anschriften] ([AnschriftId], [Ort], [Strasse], [Hausnummer], [Postleitzahl], [PersonId]) VALUES (55, N'München', N'Goethestr.', N'41', N'99788', 31)
GO
INSERT [dbo].[Anschriften] ([AnschriftId], [Ort], [Strasse], [Hausnummer], [Postleitzahl], [PersonId]) VALUES (56, N'Dresden', N'Jungfernstieg', N'28', N'42875', 31)
GO
INSERT [dbo].[Anschriften] ([AnschriftId], [Ort], [Strasse], [Hausnummer], [Postleitzahl], [PersonId]) VALUES (57, N'Hamburg', N'Hauptstr.', N'41', N'60732', 31)
GO
INSERT [dbo].[Anschriften] ([AnschriftId], [Ort], [Strasse], [Hausnummer], [Postleitzahl], [PersonId]) VALUES (58, N'Berlin', N'Bahnhofstr.', N'29', N'28494', 32)
GO
INSERT [dbo].[Anschriften] ([AnschriftId], [Ort], [Strasse], [Hausnummer], [Postleitzahl], [PersonId]) VALUES (59, N'München', N'Schillerstr.', N'34', N'20248', 32)
GO
INSERT [dbo].[Anschriften] ([AnschriftId], [Ort], [Strasse], [Hausnummer], [Postleitzahl], [PersonId]) VALUES (60, N'Hamburg', N'Friedrichstr.', N'26', N'60924', 33)
GO
INSERT [dbo].[Anschriften] ([AnschriftId], [Ort], [Strasse], [Hausnummer], [Postleitzahl], [PersonId]) VALUES (61, N'Frankfurt', N'Bahnhofstr.', N'25', N'56437', 34)
GO
INSERT [dbo].[Anschriften] ([AnschriftId], [Ort], [Strasse], [Hausnummer], [Postleitzahl], [PersonId]) VALUES (62, N'Frankfurt', N'Bahnhofstr.', N'3', N'62721', 35)
GO
INSERT [dbo].[Anschriften] ([AnschriftId], [Ort], [Strasse], [Hausnummer], [Postleitzahl], [PersonId]) VALUES (63, N'Köln', N'Schillerstr.', N'44', N'26615', 35)
GO
INSERT [dbo].[Anschriften] ([AnschriftId], [Ort], [Strasse], [Hausnummer], [Postleitzahl], [PersonId]) VALUES (64, N'München', N'Marienplatz', N'38', N'54050', 36)
GO
INSERT [dbo].[Anschriften] ([AnschriftId], [Ort], [Strasse], [Hausnummer], [Postleitzahl], [PersonId]) VALUES (65, N'Leipzig', N'Friedrichstr.', N'33', N'52653', 36)
GO
INSERT [dbo].[Anschriften] ([AnschriftId], [Ort], [Strasse], [Hausnummer], [Postleitzahl], [PersonId]) VALUES (66, N'Berlin', N'Goethestr.', N'4', N'46650', 37)
GO
INSERT [dbo].[Anschriften] ([AnschriftId], [Ort], [Strasse], [Hausnummer], [Postleitzahl], [PersonId]) VALUES (67, N'Berlin', N'Hauptstr.', N'5', N'40194', 37)
GO
INSERT [dbo].[Anschriften] ([AnschriftId], [Ort], [Strasse], [Hausnummer], [Postleitzahl], [PersonId]) VALUES (68, N'Hamburg', N'Goethestr.', N'31', N'41988', 37)
GO
INSERT [dbo].[Anschriften] ([AnschriftId], [Ort], [Strasse], [Hausnummer], [Postleitzahl], [PersonId]) VALUES (69, N'Frankfurt', N'Goethestr.', N'2', N'82134', 38)
GO
INSERT [dbo].[Anschriften] ([AnschriftId], [Ort], [Strasse], [Hausnummer], [Postleitzahl], [PersonId]) VALUES (70, N'Frankfurt', N'Goethestr.', N'32', N'93007', 39)
GO
INSERT [dbo].[Anschriften] ([AnschriftId], [Ort], [Strasse], [Hausnummer], [Postleitzahl], [PersonId]) VALUES (71, N'Dresden', N'Marienplatz', N'28', N'50481', 40)
GO
INSERT [dbo].[Anschriften] ([AnschriftId], [Ort], [Strasse], [Hausnummer], [Postleitzahl], [PersonId]) VALUES (72, N'Dresden', N'Friedrichstr.', N'42', N'13895', 40)
GO
INSERT [dbo].[Anschriften] ([AnschriftId], [Ort], [Strasse], [Hausnummer], [Postleitzahl], [PersonId]) VALUES (73, N'Hamburg', N'Schillerstr.', N'28', N'21386', 40)
GO
INSERT [dbo].[Anschriften] ([AnschriftId], [Ort], [Strasse], [Hausnummer], [Postleitzahl], [PersonId]) VALUES (74, N'Hamburg', N'Friedrichstr.', N'13', N'53332', 41)
GO
INSERT [dbo].[Anschriften] ([AnschriftId], [Ort], [Strasse], [Hausnummer], [Postleitzahl], [PersonId]) VALUES (75, N'Stuttgart', N'Marienplatz', N'49', N'86473', 41)
GO
INSERT [dbo].[Anschriften] ([AnschriftId], [Ort], [Strasse], [Hausnummer], [Postleitzahl], [PersonId]) VALUES (76, N'Dresden', N'Jungfernstieg', N'38', N'15879', 42)
GO
INSERT [dbo].[Anschriften] ([AnschriftId], [Ort], [Strasse], [Hausnummer], [Postleitzahl], [PersonId]) VALUES (77, N'München', N'Goethestr.', N'6', N'63030', 43)
GO
INSERT [dbo].[Anschriften] ([AnschriftId], [Ort], [Strasse], [Hausnummer], [Postleitzahl], [PersonId]) VALUES (78, N'München', N'Friedrichstr.', N'9', N'68913', 43)
GO
INSERT [dbo].[Anschriften] ([AnschriftId], [Ort], [Strasse], [Hausnummer], [Postleitzahl], [PersonId]) VALUES (79, N'München', N'Schillerstr.', N'10', N'71939', 43)
GO
INSERT [dbo].[Anschriften] ([AnschriftId], [Ort], [Strasse], [Hausnummer], [Postleitzahl], [PersonId]) VALUES (80, N'Leipzig', N'Friedrichstr.', N'46', N'28836', 44)
GO
INSERT [dbo].[Anschriften] ([AnschriftId], [Ort], [Strasse], [Hausnummer], [Postleitzahl], [PersonId]) VALUES (81, N'Dresden', N'Goethestr.', N'41', N'83219', 44)
GO
INSERT [dbo].[Anschriften] ([AnschriftId], [Ort], [Strasse], [Hausnummer], [Postleitzahl], [PersonId]) VALUES (82, N'Dresden', N'Bahnhofstr.', N'32', N'45913', 45)
GO
INSERT [dbo].[Anschriften] ([AnschriftId], [Ort], [Strasse], [Hausnummer], [Postleitzahl], [PersonId]) VALUES (83, N'Stuttgart', N'Goethestr.', N'15', N'41763', 45)
GO
INSERT [dbo].[Anschriften] ([AnschriftId], [Ort], [Strasse], [Hausnummer], [Postleitzahl], [PersonId]) VALUES (84, N'Köln', N'Goethestr.', N'44', N'80372', 45)
GO
INSERT [dbo].[Anschriften] ([AnschriftId], [Ort], [Strasse], [Hausnummer], [Postleitzahl], [PersonId]) VALUES (85, N'München', N'Goethestr.', N'32', N'55408', 46)
GO
INSERT [dbo].[Anschriften] ([AnschriftId], [Ort], [Strasse], [Hausnummer], [Postleitzahl], [PersonId]) VALUES (86, N'Berlin', N'Jungfernstieg', N'32', N'39975', 46)
GO
INSERT [dbo].[Anschriften] ([AnschriftId], [Ort], [Strasse], [Hausnummer], [Postleitzahl], [PersonId]) VALUES (87, N'Stuttgart', N'Hauptstr.', N'29', N'35718', 47)
GO
INSERT [dbo].[Anschriften] ([AnschriftId], [Ort], [Strasse], [Hausnummer], [Postleitzahl], [PersonId]) VALUES (88, N'München', N'Bahnhofstr.', N'45', N'42396', 48)
GO
INSERT [dbo].[Anschriften] ([AnschriftId], [Ort], [Strasse], [Hausnummer], [Postleitzahl], [PersonId]) VALUES (89, N'Dresden', N'Schillerstr.', N'10', N'47125', 48)
GO
INSERT [dbo].[Anschriften] ([AnschriftId], [Ort], [Strasse], [Hausnummer], [Postleitzahl], [PersonId]) VALUES (90, N'Frankfurt', N'Bahnhofstr.', N'48', N'32484', 48)
GO
INSERT [dbo].[Anschriften] ([AnschriftId], [Ort], [Strasse], [Hausnummer], [Postleitzahl], [PersonId]) VALUES (91, N'Stuttgart', N'Schillerstr.', N'48', N'25212', 49)
GO
INSERT [dbo].[Anschriften] ([AnschriftId], [Ort], [Strasse], [Hausnummer], [Postleitzahl], [PersonId]) VALUES (92, N'Dresden', N'Schillerstr.', N'37', N'69135', 50)
GO
INSERT [dbo].[Anschriften] ([AnschriftId], [Ort], [Strasse], [Hausnummer], [Postleitzahl], [PersonId]) VALUES (93, N'Frankfurt', N'Hauptstr.', N'32', N'35402', 50)
GO
INSERT [dbo].[Anschriften] ([AnschriftId], [Ort], [Strasse], [Hausnummer], [Postleitzahl], [PersonId]) VALUES (94, N'Frankfurt', N'Hauptstr.', N'16', N'89366', 50)
GO
INSERT [dbo].[Anschriften] ([AnschriftId], [Ort], [Strasse], [Hausnummer], [Postleitzahl], [PersonId]) VALUES (95, N'Leipzig', N'Hauptstr.', N'11', N'37373', 51)
GO
INSERT [dbo].[Anschriften] ([AnschriftId], [Ort], [Strasse], [Hausnummer], [Postleitzahl], [PersonId]) VALUES (96, N'Dresden', N'Schillerstr.', N'49', N'59296', 51)
GO
INSERT [dbo].[Anschriften] ([AnschriftId], [Ort], [Strasse], [Hausnummer], [Postleitzahl], [PersonId]) VALUES (97, N'Dresden', N'Marienplatz', N'35', N'33272', 52)
GO
INSERT [dbo].[Anschriften] ([AnschriftId], [Ort], [Strasse], [Hausnummer], [Postleitzahl], [PersonId]) VALUES (98, N'Hamburg', N'Goethestr.', N'14', N'41007', 53)
GO
INSERT [dbo].[Anschriften] ([AnschriftId], [Ort], [Strasse], [Hausnummer], [Postleitzahl], [PersonId]) VALUES (99, N'Hamburg', N'Jungfernstieg', N'20', N'33587', 53)
GO
INSERT [dbo].[Anschriften] ([AnschriftId], [Ort], [Strasse], [Hausnummer], [Postleitzahl], [PersonId]) VALUES (100, N'Dresden', N'Jungfernstieg', N'17', N'78691', 53)
GO
INSERT [dbo].[Anschriften] ([AnschriftId], [Ort], [Strasse], [Hausnummer], [Postleitzahl], [PersonId]) VALUES (101, N'München', N'Friedrichstr.', N'8', N'60976', 54)
GO
INSERT [dbo].[Anschriften] ([AnschriftId], [Ort], [Strasse], [Hausnummer], [Postleitzahl], [PersonId]) VALUES (102, N'Köln', N'Jungfernstieg', N'26', N'29662', 55)
GO
INSERT [dbo].[Anschriften] ([AnschriftId], [Ort], [Strasse], [Hausnummer], [Postleitzahl], [PersonId]) VALUES (103, N'Stuttgart', N'Friedrichstr.', N'1', N'92702', 55)
GO
INSERT [dbo].[Anschriften] ([AnschriftId], [Ort], [Strasse], [Hausnummer], [Postleitzahl], [PersonId]) VALUES (104, N'Hamburg', N'Bahnhofstr.', N'36', N'11498', 56)
GO
INSERT [dbo].[Anschriften] ([AnschriftId], [Ort], [Strasse], [Hausnummer], [Postleitzahl], [PersonId]) VALUES (105, N'Leipzig', N'Friedrichstr.', N'17', N'84946', 56)
GO
INSERT [dbo].[Anschriften] ([AnschriftId], [Ort], [Strasse], [Hausnummer], [Postleitzahl], [PersonId]) VALUES (106, N'Stuttgart', N'Marienplatz', N'21', N'94873', 57)
GO
INSERT [dbo].[Anschriften] ([AnschriftId], [Ort], [Strasse], [Hausnummer], [Postleitzahl], [PersonId]) VALUES (107, N'München', N'Marienplatz', N'8', N'81421', 57)
GO
INSERT [dbo].[Anschriften] ([AnschriftId], [Ort], [Strasse], [Hausnummer], [Postleitzahl], [PersonId]) VALUES (108, N'Frankfurt', N'Schillerstr.', N'13', N'28562', 57)
GO
INSERT [dbo].[Anschriften] ([AnschriftId], [Ort], [Strasse], [Hausnummer], [Postleitzahl], [PersonId]) VALUES (109, N'Stuttgart', N'Marienplatz', N'28', N'70801', 58)
GO
INSERT [dbo].[Anschriften] ([AnschriftId], [Ort], [Strasse], [Hausnummer], [Postleitzahl], [PersonId]) VALUES (110, N'Köln', N'Hauptstr.', N'14', N'60965', 58)
GO
INSERT [dbo].[Anschriften] ([AnschriftId], [Ort], [Strasse], [Hausnummer], [Postleitzahl], [PersonId]) VALUES (111, N'München', N'Marienplatz', N'38', N'49125', 58)
GO
INSERT [dbo].[Anschriften] ([AnschriftId], [Ort], [Strasse], [Hausnummer], [Postleitzahl], [PersonId]) VALUES (112, N'Leipzig', N'Schillerstr.', N'21', N'65226', 59)
GO
INSERT [dbo].[Anschriften] ([AnschriftId], [Ort], [Strasse], [Hausnummer], [Postleitzahl], [PersonId]) VALUES (113, N'München', N'Goethestr.', N'38', N'48639', 60)
GO
INSERT [dbo].[Anschriften] ([AnschriftId], [Ort], [Strasse], [Hausnummer], [Postleitzahl], [PersonId]) VALUES (114, N'Dresden', N'Marienplatz', N'34', N'80132', 61)
GO
INSERT [dbo].[Anschriften] ([AnschriftId], [Ort], [Strasse], [Hausnummer], [Postleitzahl], [PersonId]) VALUES (115, N'Hamburg', N'Bahnhofstr.', N'3', N'32300', 62)
GO
INSERT [dbo].[Anschriften] ([AnschriftId], [Ort], [Strasse], [Hausnummer], [Postleitzahl], [PersonId]) VALUES (116, N'Stuttgart', N'Jungfernstieg', N'1', N'79888', 62)
GO
INSERT [dbo].[Anschriften] ([AnschriftId], [Ort], [Strasse], [Hausnummer], [Postleitzahl], [PersonId]) VALUES (117, N'München', N'Friedrichstr.', N'12', N'83090', 62)
GO
INSERT [dbo].[Anschriften] ([AnschriftId], [Ort], [Strasse], [Hausnummer], [Postleitzahl], [PersonId]) VALUES (118, N'Dresden', N'Hauptstr.', N'26', N'79617', 63)
GO
INSERT [dbo].[Anschriften] ([AnschriftId], [Ort], [Strasse], [Hausnummer], [Postleitzahl], [PersonId]) VALUES (119, N'Stuttgart', N'Hauptstr.', N'7', N'60920', 63)
GO
INSERT [dbo].[Anschriften] ([AnschriftId], [Ort], [Strasse], [Hausnummer], [Postleitzahl], [PersonId]) VALUES (120, N'München', N'Jungfernstieg', N'36', N'98409', 63)
GO
INSERT [dbo].[Anschriften] ([AnschriftId], [Ort], [Strasse], [Hausnummer], [Postleitzahl], [PersonId]) VALUES (121, N'Hamburg', N'Bahnhofstr.', N'19', N'61167', 64)
GO
INSERT [dbo].[Anschriften] ([AnschriftId], [Ort], [Strasse], [Hausnummer], [Postleitzahl], [PersonId]) VALUES (122, N'Stuttgart', N'Hauptstr.', N'38', N'34708', 65)
GO
INSERT [dbo].[Anschriften] ([AnschriftId], [Ort], [Strasse], [Hausnummer], [Postleitzahl], [PersonId]) VALUES (123, N'Berlin', N'Jungfernstieg', N'14', N'61707', 65)
GO
INSERT [dbo].[Anschriften] ([AnschriftId], [Ort], [Strasse], [Hausnummer], [Postleitzahl], [PersonId]) VALUES (124, N'Hamburg', N'Bahnhofstr.', N'30', N'10353', 66)
GO
INSERT [dbo].[Anschriften] ([AnschriftId], [Ort], [Strasse], [Hausnummer], [Postleitzahl], [PersonId]) VALUES (125, N'Leipzig', N'Marienplatz', N'5', N'58439', 66)
GO
INSERT [dbo].[Anschriften] ([AnschriftId], [Ort], [Strasse], [Hausnummer], [Postleitzahl], [PersonId]) VALUES (126, N'Berlin', N'Jungfernstieg', N'49', N'71986', 66)
GO
INSERT [dbo].[Anschriften] ([AnschriftId], [Ort], [Strasse], [Hausnummer], [Postleitzahl], [PersonId]) VALUES (127, N'München', N'Friedrichstr.', N'39', N'24067', 67)
GO
INSERT [dbo].[Anschriften] ([AnschriftId], [Ort], [Strasse], [Hausnummer], [Postleitzahl], [PersonId]) VALUES (128, N'Frankfurt', N'Schillerstr.', N'36', N'71160', 68)
GO
INSERT [dbo].[Anschriften] ([AnschriftId], [Ort], [Strasse], [Hausnummer], [Postleitzahl], [PersonId]) VALUES (129, N'Berlin', N'Friedrichstr.', N'24', N'50655', 68)
GO
INSERT [dbo].[Anschriften] ([AnschriftId], [Ort], [Strasse], [Hausnummer], [Postleitzahl], [PersonId]) VALUES (130, N'Leipzig', N'Friedrichstr.', N'19', N'89430', 68)
GO
INSERT [dbo].[Anschriften] ([AnschriftId], [Ort], [Strasse], [Hausnummer], [Postleitzahl], [PersonId]) VALUES (131, N'Stuttgart', N'Bahnhofstr.', N'18', N'53268', 69)
GO
INSERT [dbo].[Anschriften] ([AnschriftId], [Ort], [Strasse], [Hausnummer], [Postleitzahl], [PersonId]) VALUES (132, N'Hamburg', N'Schillerstr.', N'48', N'31086', 69)
GO
INSERT [dbo].[Anschriften] ([AnschriftId], [Ort], [Strasse], [Hausnummer], [Postleitzahl], [PersonId]) VALUES (133, N'München', N'Jungfernstieg', N'49', N'15195', 70)
GO
INSERT [dbo].[Anschriften] ([AnschriftId], [Ort], [Strasse], [Hausnummer], [Postleitzahl], [PersonId]) VALUES (134, N'Berlin', N'Jungfernstieg', N'44', N'59025', 70)
GO
INSERT [dbo].[Anschriften] ([AnschriftId], [Ort], [Strasse], [Hausnummer], [Postleitzahl], [PersonId]) VALUES (135, N'München', N'Jungfernstieg', N'38', N'18301', 70)
GO
INSERT [dbo].[Anschriften] ([AnschriftId], [Ort], [Strasse], [Hausnummer], [Postleitzahl], [PersonId]) VALUES (136, N'München', N'Jungfernstieg', N'39', N'38734', 71)
GO
INSERT [dbo].[Anschriften] ([AnschriftId], [Ort], [Strasse], [Hausnummer], [Postleitzahl], [PersonId]) VALUES (137, N'Frankfurt', N'Goethestr.', N'20', N'92300', 71)
GO
INSERT [dbo].[Anschriften] ([AnschriftId], [Ort], [Strasse], [Hausnummer], [Postleitzahl], [PersonId]) VALUES (138, N'Hamburg', N'Jungfernstieg', N'9', N'85998', 72)
GO
INSERT [dbo].[Anschriften] ([AnschriftId], [Ort], [Strasse], [Hausnummer], [Postleitzahl], [PersonId]) VALUES (139, N'Stuttgart', N'Bahnhofstr.', N'4', N'83314', 72)
GO
INSERT [dbo].[Anschriften] ([AnschriftId], [Ort], [Strasse], [Hausnummer], [Postleitzahl], [PersonId]) VALUES (140, N'Stuttgart', N'Marienplatz', N'49', N'60156', 73)
GO
INSERT [dbo].[Anschriften] ([AnschriftId], [Ort], [Strasse], [Hausnummer], [Postleitzahl], [PersonId]) VALUES (141, N'Leipzig', N'Bahnhofstr.', N'29', N'82264', 73)
GO
INSERT [dbo].[Anschriften] ([AnschriftId], [Ort], [Strasse], [Hausnummer], [Postleitzahl], [PersonId]) VALUES (142, N'Frankfurt', N'Schillerstr.', N'33', N'69273', 73)
GO
INSERT [dbo].[Anschriften] ([AnschriftId], [Ort], [Strasse], [Hausnummer], [Postleitzahl], [PersonId]) VALUES (143, N'Dresden', N'Schillerstr.', N'34', N'45440', 74)
GO
INSERT [dbo].[Anschriften] ([AnschriftId], [Ort], [Strasse], [Hausnummer], [Postleitzahl], [PersonId]) VALUES (144, N'München', N'Marienplatz', N'36', N'77942', 74)
GO
INSERT [dbo].[Anschriften] ([AnschriftId], [Ort], [Strasse], [Hausnummer], [Postleitzahl], [PersonId]) VALUES (145, N'Stuttgart', N'Bahnhofstr.', N'8', N'93206', 75)
GO
INSERT [dbo].[Anschriften] ([AnschriftId], [Ort], [Strasse], [Hausnummer], [Postleitzahl], [PersonId]) VALUES (146, N'Leipzig', N'Friedrichstr.', N'32', N'88564', 76)
GO
INSERT [dbo].[Anschriften] ([AnschriftId], [Ort], [Strasse], [Hausnummer], [Postleitzahl], [PersonId]) VALUES (147, N'Frankfurt', N'Jungfernstieg', N'33', N'42249', 77)
GO
INSERT [dbo].[Anschriften] ([AnschriftId], [Ort], [Strasse], [Hausnummer], [Postleitzahl], [PersonId]) VALUES (148, N'Berlin', N'Friedrichstr.', N'26', N'77350', 78)
GO
INSERT [dbo].[Anschriften] ([AnschriftId], [Ort], [Strasse], [Hausnummer], [Postleitzahl], [PersonId]) VALUES (149, N'Berlin', N'Goethestr.', N'26', N'96452', 78)
GO
INSERT [dbo].[Anschriften] ([AnschriftId], [Ort], [Strasse], [Hausnummer], [Postleitzahl], [PersonId]) VALUES (150, N'Berlin', N'Bahnhofstr.', N'34', N'77499', 78)
GO
INSERT [dbo].[Anschriften] ([AnschriftId], [Ort], [Strasse], [Hausnummer], [Postleitzahl], [PersonId]) VALUES (151, N'Stuttgart', N'Goethestr.', N'32', N'10226', 79)
GO
INSERT [dbo].[Anschriften] ([AnschriftId], [Ort], [Strasse], [Hausnummer], [Postleitzahl], [PersonId]) VALUES (152, N'Frankfurt', N'Goethestr.', N'20', N'31853', 80)
GO
INSERT [dbo].[Anschriften] ([AnschriftId], [Ort], [Strasse], [Hausnummer], [Postleitzahl], [PersonId]) VALUES (153, N'Frankfurt', N'Schillerstr.', N'26', N'66403', 80)
GO
INSERT [dbo].[Anschriften] ([AnschriftId], [Ort], [Strasse], [Hausnummer], [Postleitzahl], [PersonId]) VALUES (154, N'Berlin', N'Goethestr.', N'12', N'59777', 81)
GO
INSERT [dbo].[Anschriften] ([AnschriftId], [Ort], [Strasse], [Hausnummer], [Postleitzahl], [PersonId]) VALUES (155, N'Dresden', N'Jungfernstieg', N'39', N'25978', 82)
GO
INSERT [dbo].[Anschriften] ([AnschriftId], [Ort], [Strasse], [Hausnummer], [Postleitzahl], [PersonId]) VALUES (156, N'München', N'Friedrichstr.', N'44', N'25682', 82)
GO
INSERT [dbo].[Anschriften] ([AnschriftId], [Ort], [Strasse], [Hausnummer], [Postleitzahl], [PersonId]) VALUES (157, N'Frankfurt', N'Friedrichstr.', N'6', N'23382', 83)
GO
INSERT [dbo].[Anschriften] ([AnschriftId], [Ort], [Strasse], [Hausnummer], [Postleitzahl], [PersonId]) VALUES (158, N'Dresden', N'Jungfernstieg', N'26', N'92545', 84)
GO
INSERT [dbo].[Anschriften] ([AnschriftId], [Ort], [Strasse], [Hausnummer], [Postleitzahl], [PersonId]) VALUES (159, N'Berlin', N'Jungfernstieg', N'20', N'72801', 84)
GO
INSERT [dbo].[Anschriften] ([AnschriftId], [Ort], [Strasse], [Hausnummer], [Postleitzahl], [PersonId]) VALUES (160, N'Leipzig', N'Hauptstr.', N'26', N'98818', 85)
GO
INSERT [dbo].[Anschriften] ([AnschriftId], [Ort], [Strasse], [Hausnummer], [Postleitzahl], [PersonId]) VALUES (161, N'Frankfurt', N'Schillerstr.', N'1', N'49224', 85)
GO
INSERT [dbo].[Anschriften] ([AnschriftId], [Ort], [Strasse], [Hausnummer], [Postleitzahl], [PersonId]) VALUES (162, N'Frankfurt', N'Marienplatz', N'17', N'53539', 85)
GO
INSERT [dbo].[Anschriften] ([AnschriftId], [Ort], [Strasse], [Hausnummer], [Postleitzahl], [PersonId]) VALUES (163, N'Stuttgart', N'Jungfernstieg', N'48', N'43754', 86)
GO
INSERT [dbo].[Anschriften] ([AnschriftId], [Ort], [Strasse], [Hausnummer], [Postleitzahl], [PersonId]) VALUES (164, N'Leipzig', N'Hauptstr.', N'6', N'46874', 86)
GO
INSERT [dbo].[Anschriften] ([AnschriftId], [Ort], [Strasse], [Hausnummer], [Postleitzahl], [PersonId]) VALUES (165, N'Berlin', N'Goethestr.', N'32', N'46431', 86)
GO
INSERT [dbo].[Anschriften] ([AnschriftId], [Ort], [Strasse], [Hausnummer], [Postleitzahl], [PersonId]) VALUES (166, N'Berlin', N'Hauptstr.', N'42', N'96454', 87)
GO
INSERT [dbo].[Anschriften] ([AnschriftId], [Ort], [Strasse], [Hausnummer], [Postleitzahl], [PersonId]) VALUES (167, N'Berlin', N'Bahnhofstr.', N'2', N'95671', 87)
GO
INSERT [dbo].[Anschriften] ([AnschriftId], [Ort], [Strasse], [Hausnummer], [Postleitzahl], [PersonId]) VALUES (168, N'Hamburg', N'Bahnhofstr.', N'21', N'87617', 88)
GO
INSERT [dbo].[Anschriften] ([AnschriftId], [Ort], [Strasse], [Hausnummer], [Postleitzahl], [PersonId]) VALUES (169, N'Köln', N'Jungfernstieg', N'15', N'20677', 88)
GO
INSERT [dbo].[Anschriften] ([AnschriftId], [Ort], [Strasse], [Hausnummer], [Postleitzahl], [PersonId]) VALUES (170, N'Hamburg', N'Jungfernstieg', N'9', N'22611', 89)
GO
INSERT [dbo].[Anschriften] ([AnschriftId], [Ort], [Strasse], [Hausnummer], [Postleitzahl], [PersonId]) VALUES (171, N'Hamburg', N'Bahnhofstr.', N'41', N'92700', 89)
GO
INSERT [dbo].[Anschriften] ([AnschriftId], [Ort], [Strasse], [Hausnummer], [Postleitzahl], [PersonId]) VALUES (172, N'Frankfurt', N'Bahnhofstr.', N'29', N'53471', 90)
GO
INSERT [dbo].[Anschriften] ([AnschriftId], [Ort], [Strasse], [Hausnummer], [Postleitzahl], [PersonId]) VALUES (173, N'Stuttgart', N'Goethestr.', N'19', N'28671', 90)
GO
INSERT [dbo].[Anschriften] ([AnschriftId], [Ort], [Strasse], [Hausnummer], [Postleitzahl], [PersonId]) VALUES (174, N'Berlin', N'Jungfernstieg', N'10', N'95650', 90)
GO
INSERT [dbo].[Anschriften] ([AnschriftId], [Ort], [Strasse], [Hausnummer], [Postleitzahl], [PersonId]) VALUES (175, N'Frankfurt', N'Marienplatz', N'13', N'66923', 91)
GO
INSERT [dbo].[Anschriften] ([AnschriftId], [Ort], [Strasse], [Hausnummer], [Postleitzahl], [PersonId]) VALUES (176, N'Hamburg', N'Goethestr.', N'17', N'99587', 91)
GO
INSERT [dbo].[Anschriften] ([AnschriftId], [Ort], [Strasse], [Hausnummer], [Postleitzahl], [PersonId]) VALUES (177, N'Frankfurt', N'Bahnhofstr.', N'47', N'88642', 92)
GO
INSERT [dbo].[Anschriften] ([AnschriftId], [Ort], [Strasse], [Hausnummer], [Postleitzahl], [PersonId]) VALUES (178, N'Berlin', N'Hauptstr.', N'31', N'24463', 92)
GO
INSERT [dbo].[Anschriften] ([AnschriftId], [Ort], [Strasse], [Hausnummer], [Postleitzahl], [PersonId]) VALUES (179, N'Stuttgart', N'Goethestr.', N'25', N'56802', 92)
GO
INSERT [dbo].[Anschriften] ([AnschriftId], [Ort], [Strasse], [Hausnummer], [Postleitzahl], [PersonId]) VALUES (180, N'Leipzig', N'Hauptstr.', N'15', N'69865', 93)
GO
INSERT [dbo].[Anschriften] ([AnschriftId], [Ort], [Strasse], [Hausnummer], [Postleitzahl], [PersonId]) VALUES (181, N'Frankfurt', N'Schillerstr.', N'26', N'69691', 93)
GO
INSERT [dbo].[Anschriften] ([AnschriftId], [Ort], [Strasse], [Hausnummer], [Postleitzahl], [PersonId]) VALUES (182, N'Dresden', N'Bahnhofstr.', N'26', N'74828', 94)
GO
INSERT [dbo].[Anschriften] ([AnschriftId], [Ort], [Strasse], [Hausnummer], [Postleitzahl], [PersonId]) VALUES (183, N'Berlin', N'Marienplatz', N'29', N'56176', 94)
GO
INSERT [dbo].[Anschriften] ([AnschriftId], [Ort], [Strasse], [Hausnummer], [Postleitzahl], [PersonId]) VALUES (184, N'Hamburg', N'Bahnhofstr.', N'22', N'22735', 94)
GO
INSERT [dbo].[Anschriften] ([AnschriftId], [Ort], [Strasse], [Hausnummer], [Postleitzahl], [PersonId]) VALUES (185, N'Dresden', N'Schillerstr.', N'44', N'36750', 95)
GO
INSERT [dbo].[Anschriften] ([AnschriftId], [Ort], [Strasse], [Hausnummer], [Postleitzahl], [PersonId]) VALUES (186, N'Köln', N'Bahnhofstr.', N'22', N'61493', 96)
GO
INSERT [dbo].[Anschriften] ([AnschriftId], [Ort], [Strasse], [Hausnummer], [Postleitzahl], [PersonId]) VALUES (187, N'Berlin', N'Schillerstr.', N'2', N'65622', 96)
GO
INSERT [dbo].[Anschriften] ([AnschriftId], [Ort], [Strasse], [Hausnummer], [Postleitzahl], [PersonId]) VALUES (188, N'Köln', N'Goethestr.', N'31', N'83151', 97)
GO
INSERT [dbo].[Anschriften] ([AnschriftId], [Ort], [Strasse], [Hausnummer], [Postleitzahl], [PersonId]) VALUES (189, N'Frankfurt', N'Jungfernstieg', N'28', N'92603', 97)
GO
INSERT [dbo].[Anschriften] ([AnschriftId], [Ort], [Strasse], [Hausnummer], [Postleitzahl], [PersonId]) VALUES (190, N'Berlin', N'Jungfernstieg', N'6', N'54257', 98)
GO
INSERT [dbo].[Anschriften] ([AnschriftId], [Ort], [Strasse], [Hausnummer], [Postleitzahl], [PersonId]) VALUES (191, N'München', N'Hauptstr.', N'33', N'54968', 98)
GO
INSERT [dbo].[Anschriften] ([AnschriftId], [Ort], [Strasse], [Hausnummer], [Postleitzahl], [PersonId]) VALUES (192, N'Hamburg', N'Friedrichstr.', N'6', N'96836', 99)
GO
INSERT [dbo].[Anschriften] ([AnschriftId], [Ort], [Strasse], [Hausnummer], [Postleitzahl], [PersonId]) VALUES (193, N'Frankfurt', N'Bahnhofstr.', N'42', N'65121', 100)
GO
SET IDENTITY_INSERT [dbo].[Anschriften] OFF
GO
SET IDENTITY_INSERT [dbo].[Telefonverbindungen] ON 
GO
INSERT [dbo].[Telefonverbindungen] ([TelefonverbindungId], [Nummer], [PersonId]) VALUES (1, N'03504530', 1)
GO
INSERT [dbo].[Telefonverbindungen] ([TelefonverbindungId], [Nummer], [PersonId]) VALUES (2, N'01043455', 1)
GO
INSERT [dbo].[Telefonverbindungen] ([TelefonverbindungId], [Nummer], [PersonId]) VALUES (3, N'+491128213', 2)
GO
INSERT [dbo].[Telefonverbindungen] ([TelefonverbindungId], [Nummer], [PersonId]) VALUES (4, N'08197157', 2)
GO
INSERT [dbo].[Telefonverbindungen] ([TelefonverbindungId], [Nummer], [PersonId]) VALUES (5, N'6928319', 2)
GO
INSERT [dbo].[Telefonverbindungen] ([TelefonverbindungId], [Nummer], [PersonId]) VALUES (6, N'03662612', 3)
GO
INSERT [dbo].[Telefonverbindungen] ([TelefonverbindungId], [Nummer], [PersonId]) VALUES (7, N'+491822954', 3)
GO
INSERT [dbo].[Telefonverbindungen] ([TelefonverbindungId], [Nummer], [PersonId]) VALUES (8, N'+491704519', 4)
GO
INSERT [dbo].[Telefonverbindungen] ([TelefonverbindungId], [Nummer], [PersonId]) VALUES (9, N'03220721', 5)
GO
INSERT [dbo].[Telefonverbindungen] ([TelefonverbindungId], [Nummer], [PersonId]) VALUES (10, N'+491010207', 5)
GO
INSERT [dbo].[Telefonverbindungen] ([TelefonverbindungId], [Nummer], [PersonId]) VALUES (11, N'+491084446', 5)
GO
INSERT [dbo].[Telefonverbindungen] ([TelefonverbindungId], [Nummer], [PersonId]) VALUES (12, N'04653936', 6)
GO
INSERT [dbo].[Telefonverbindungen] ([TelefonverbindungId], [Nummer], [PersonId]) VALUES (13, N'04025974', 6)
GO
INSERT [dbo].[Telefonverbindungen] ([TelefonverbindungId], [Nummer], [PersonId]) VALUES (14, N'+491977953', 6)
GO
INSERT [dbo].[Telefonverbindungen] ([TelefonverbindungId], [Nummer], [PersonId]) VALUES (15, N'05704655', 7)
GO
INSERT [dbo].[Telefonverbindungen] ([TelefonverbindungId], [Nummer], [PersonId]) VALUES (16, N'2398250', 7)
GO
INSERT [dbo].[Telefonverbindungen] ([TelefonverbindungId], [Nummer], [PersonId]) VALUES (17, N'2308268', 8)
GO
INSERT [dbo].[Telefonverbindungen] ([TelefonverbindungId], [Nummer], [PersonId]) VALUES (18, N'6692547', 8)
GO
INSERT [dbo].[Telefonverbindungen] ([TelefonverbindungId], [Nummer], [PersonId]) VALUES (19, N'3307243', 8)
GO
INSERT [dbo].[Telefonverbindungen] ([TelefonverbindungId], [Nummer], [PersonId]) VALUES (20, N'05369565', 9)
GO
INSERT [dbo].[Telefonverbindungen] ([TelefonverbindungId], [Nummer], [PersonId]) VALUES (21, N'1812924', 9)
GO
INSERT [dbo].[Telefonverbindungen] ([TelefonverbindungId], [Nummer], [PersonId]) VALUES (22, N'+491387476', 9)
GO
INSERT [dbo].[Telefonverbindungen] ([TelefonverbindungId], [Nummer], [PersonId]) VALUES (23, N'06459438', 10)
GO
INSERT [dbo].[Telefonverbindungen] ([TelefonverbindungId], [Nummer], [PersonId]) VALUES (24, N'09881057', 10)
GO
INSERT [dbo].[Telefonverbindungen] ([TelefonverbindungId], [Nummer], [PersonId]) VALUES (25, N'+491980180', 10)
GO
INSERT [dbo].[Telefonverbindungen] ([TelefonverbindungId], [Nummer], [PersonId]) VALUES (26, N'09570876', 11)
GO
INSERT [dbo].[Telefonverbindungen] ([TelefonverbindungId], [Nummer], [PersonId]) VALUES (27, N'04958198', 11)
GO
INSERT [dbo].[Telefonverbindungen] ([TelefonverbindungId], [Nummer], [PersonId]) VALUES (28, N'08591944', 12)
GO
INSERT [dbo].[Telefonverbindungen] ([TelefonverbindungId], [Nummer], [PersonId]) VALUES (29, N'02760074', 12)
GO
INSERT [dbo].[Telefonverbindungen] ([TelefonverbindungId], [Nummer], [PersonId]) VALUES (30, N'+491260839', 13)
GO
INSERT [dbo].[Telefonverbindungen] ([TelefonverbindungId], [Nummer], [PersonId]) VALUES (31, N'09565926', 14)
GO
INSERT [dbo].[Telefonverbindungen] ([TelefonverbindungId], [Nummer], [PersonId]) VALUES (32, N'4781276', 14)
GO
INSERT [dbo].[Telefonverbindungen] ([TelefonverbindungId], [Nummer], [PersonId]) VALUES (33, N'+491571190', 15)
GO
INSERT [dbo].[Telefonverbindungen] ([TelefonverbindungId], [Nummer], [PersonId]) VALUES (34, N'+491095578', 15)
GO
INSERT [dbo].[Telefonverbindungen] ([TelefonverbindungId], [Nummer], [PersonId]) VALUES (35, N'3095420', 15)
GO
INSERT [dbo].[Telefonverbindungen] ([TelefonverbindungId], [Nummer], [PersonId]) VALUES (36, N'8065409', 16)
GO
INSERT [dbo].[Telefonverbindungen] ([TelefonverbindungId], [Nummer], [PersonId]) VALUES (37, N'08845409', 17)
GO
INSERT [dbo].[Telefonverbindungen] ([TelefonverbindungId], [Nummer], [PersonId]) VALUES (38, N'+491913889', 17)
GO
INSERT [dbo].[Telefonverbindungen] ([TelefonverbindungId], [Nummer], [PersonId]) VALUES (39, N'+491909631', 17)
GO
INSERT [dbo].[Telefonverbindungen] ([TelefonverbindungId], [Nummer], [PersonId]) VALUES (40, N'05774465', 18)
GO
INSERT [dbo].[Telefonverbindungen] ([TelefonverbindungId], [Nummer], [PersonId]) VALUES (41, N'03802486', 18)
GO
INSERT [dbo].[Telefonverbindungen] ([TelefonverbindungId], [Nummer], [PersonId]) VALUES (42, N'+491743353', 19)
GO
INSERT [dbo].[Telefonverbindungen] ([TelefonverbindungId], [Nummer], [PersonId]) VALUES (43, N'+491106305', 19)
GO
INSERT [dbo].[Telefonverbindungen] ([TelefonverbindungId], [Nummer], [PersonId]) VALUES (44, N'+491966367', 20)
GO
INSERT [dbo].[Telefonverbindungen] ([TelefonverbindungId], [Nummer], [PersonId]) VALUES (45, N'01426213', 21)
GO
INSERT [dbo].[Telefonverbindungen] ([TelefonverbindungId], [Nummer], [PersonId]) VALUES (46, N'+491907370', 22)
GO
INSERT [dbo].[Telefonverbindungen] ([TelefonverbindungId], [Nummer], [PersonId]) VALUES (47, N'7498010', 22)
GO
INSERT [dbo].[Telefonverbindungen] ([TelefonverbindungId], [Nummer], [PersonId]) VALUES (48, N'+491694382', 23)
GO
INSERT [dbo].[Telefonverbindungen] ([TelefonverbindungId], [Nummer], [PersonId]) VALUES (49, N'+491509247', 23)
GO
INSERT [dbo].[Telefonverbindungen] ([TelefonverbindungId], [Nummer], [PersonId]) VALUES (50, N'01441301', 23)
GO
INSERT [dbo].[Telefonverbindungen] ([TelefonverbindungId], [Nummer], [PersonId]) VALUES (51, N'1608355', 24)
GO
INSERT [dbo].[Telefonverbindungen] ([TelefonverbindungId], [Nummer], [PersonId]) VALUES (52, N'6681219', 25)
GO
INSERT [dbo].[Telefonverbindungen] ([TelefonverbindungId], [Nummer], [PersonId]) VALUES (53, N'1247257', 25)
GO
INSERT [dbo].[Telefonverbindungen] ([TelefonverbindungId], [Nummer], [PersonId]) VALUES (54, N'07887677', 25)
GO
INSERT [dbo].[Telefonverbindungen] ([TelefonverbindungId], [Nummer], [PersonId]) VALUES (55, N'2719059', 26)
GO
INSERT [dbo].[Telefonverbindungen] ([TelefonverbindungId], [Nummer], [PersonId]) VALUES (56, N'+491528161', 26)
GO
INSERT [dbo].[Telefonverbindungen] ([TelefonverbindungId], [Nummer], [PersonId]) VALUES (57, N'+491626194', 26)
GO
INSERT [dbo].[Telefonverbindungen] ([TelefonverbindungId], [Nummer], [PersonId]) VALUES (58, N'06671232', 27)
GO
INSERT [dbo].[Telefonverbindungen] ([TelefonverbindungId], [Nummer], [PersonId]) VALUES (59, N'09539628', 27)
GO
INSERT [dbo].[Telefonverbindungen] ([TelefonverbindungId], [Nummer], [PersonId]) VALUES (60, N'+491778286', 27)
GO
INSERT [dbo].[Telefonverbindungen] ([TelefonverbindungId], [Nummer], [PersonId]) VALUES (61, N'2682758', 28)
GO
INSERT [dbo].[Telefonverbindungen] ([TelefonverbindungId], [Nummer], [PersonId]) VALUES (62, N'07711159', 28)
GO
INSERT [dbo].[Telefonverbindungen] ([TelefonverbindungId], [Nummer], [PersonId]) VALUES (63, N'02749727', 29)
GO
INSERT [dbo].[Telefonverbindungen] ([TelefonverbindungId], [Nummer], [PersonId]) VALUES (64, N'3424651', 29)
GO
INSERT [dbo].[Telefonverbindungen] ([TelefonverbindungId], [Nummer], [PersonId]) VALUES (65, N'3576403', 30)
GO
INSERT [dbo].[Telefonverbindungen] ([TelefonverbindungId], [Nummer], [PersonId]) VALUES (66, N'07735757', 30)
GO
INSERT [dbo].[Telefonverbindungen] ([TelefonverbindungId], [Nummer], [PersonId]) VALUES (67, N'+491189220', 30)
GO
INSERT [dbo].[Telefonverbindungen] ([TelefonverbindungId], [Nummer], [PersonId]) VALUES (68, N'06472311', 31)
GO
INSERT [dbo].[Telefonverbindungen] ([TelefonverbindungId], [Nummer], [PersonId]) VALUES (69, N'+491726764', 31)
GO
INSERT [dbo].[Telefonverbindungen] ([TelefonverbindungId], [Nummer], [PersonId]) VALUES (70, N'02661683', 31)
GO
INSERT [dbo].[Telefonverbindungen] ([TelefonverbindungId], [Nummer], [PersonId]) VALUES (71, N'+491318317', 32)
GO
INSERT [dbo].[Telefonverbindungen] ([TelefonverbindungId], [Nummer], [PersonId]) VALUES (72, N'08926102', 32)
GO
INSERT [dbo].[Telefonverbindungen] ([TelefonverbindungId], [Nummer], [PersonId]) VALUES (73, N'6181272', 33)
GO
INSERT [dbo].[Telefonverbindungen] ([TelefonverbindungId], [Nummer], [PersonId]) VALUES (74, N'05319378', 34)
GO
INSERT [dbo].[Telefonverbindungen] ([TelefonverbindungId], [Nummer], [PersonId]) VALUES (75, N'2097603', 34)
GO
INSERT [dbo].[Telefonverbindungen] ([TelefonverbindungId], [Nummer], [PersonId]) VALUES (76, N'+491410774', 35)
GO
INSERT [dbo].[Telefonverbindungen] ([TelefonverbindungId], [Nummer], [PersonId]) VALUES (77, N'05989160', 35)
GO
INSERT [dbo].[Telefonverbindungen] ([TelefonverbindungId], [Nummer], [PersonId]) VALUES (78, N'2965217', 36)
GO
INSERT [dbo].[Telefonverbindungen] ([TelefonverbindungId], [Nummer], [PersonId]) VALUES (79, N'2514824', 36)
GO
INSERT [dbo].[Telefonverbindungen] ([TelefonverbindungId], [Nummer], [PersonId]) VALUES (80, N'06390010', 36)
GO
INSERT [dbo].[Telefonverbindungen] ([TelefonverbindungId], [Nummer], [PersonId]) VALUES (81, N'09141059', 37)
GO
INSERT [dbo].[Telefonverbindungen] ([TelefonverbindungId], [Nummer], [PersonId]) VALUES (82, N'+491333858', 37)
GO
INSERT [dbo].[Telefonverbindungen] ([TelefonverbindungId], [Nummer], [PersonId]) VALUES (83, N'06127611', 38)
GO
INSERT [dbo].[Telefonverbindungen] ([TelefonverbindungId], [Nummer], [PersonId]) VALUES (84, N'+491286032', 38)
GO
INSERT [dbo].[Telefonverbindungen] ([TelefonverbindungId], [Nummer], [PersonId]) VALUES (85, N'02359679', 38)
GO
INSERT [dbo].[Telefonverbindungen] ([TelefonverbindungId], [Nummer], [PersonId]) VALUES (86, N'+491015312', 39)
GO
INSERT [dbo].[Telefonverbindungen] ([TelefonverbindungId], [Nummer], [PersonId]) VALUES (87, N'07859143', 39)
GO
INSERT [dbo].[Telefonverbindungen] ([TelefonverbindungId], [Nummer], [PersonId]) VALUES (88, N'2225063', 40)
GO
INSERT [dbo].[Telefonverbindungen] ([TelefonverbindungId], [Nummer], [PersonId]) VALUES (89, N'07532162', 40)
GO
INSERT [dbo].[Telefonverbindungen] ([TelefonverbindungId], [Nummer], [PersonId]) VALUES (90, N'4436155', 41)
GO
INSERT [dbo].[Telefonverbindungen] ([TelefonverbindungId], [Nummer], [PersonId]) VALUES (91, N'+491831829', 42)
GO
INSERT [dbo].[Telefonverbindungen] ([TelefonverbindungId], [Nummer], [PersonId]) VALUES (92, N'02958249', 42)
GO
INSERT [dbo].[Telefonverbindungen] ([TelefonverbindungId], [Nummer], [PersonId]) VALUES (93, N'+491934616', 42)
GO
INSERT [dbo].[Telefonverbindungen] ([TelefonverbindungId], [Nummer], [PersonId]) VALUES (94, N'+491046236', 43)
GO
INSERT [dbo].[Telefonverbindungen] ([TelefonverbindungId], [Nummer], [PersonId]) VALUES (95, N'04603940', 43)
GO
INSERT [dbo].[Telefonverbindungen] ([TelefonverbindungId], [Nummer], [PersonId]) VALUES (96, N'+491568406', 44)
GO
INSERT [dbo].[Telefonverbindungen] ([TelefonverbindungId], [Nummer], [PersonId]) VALUES (97, N'+491803589', 44)
GO
INSERT [dbo].[Telefonverbindungen] ([TelefonverbindungId], [Nummer], [PersonId]) VALUES (98, N'+491699095', 45)
GO
INSERT [dbo].[Telefonverbindungen] ([TelefonverbindungId], [Nummer], [PersonId]) VALUES (99, N'07707372', 46)
GO
INSERT [dbo].[Telefonverbindungen] ([TelefonverbindungId], [Nummer], [PersonId]) VALUES (100, N'03913206', 46)
GO
INSERT [dbo].[Telefonverbindungen] ([TelefonverbindungId], [Nummer], [PersonId]) VALUES (101, N'03426718', 46)
GO
INSERT [dbo].[Telefonverbindungen] ([TelefonverbindungId], [Nummer], [PersonId]) VALUES (102, N'04720859', 47)
GO
INSERT [dbo].[Telefonverbindungen] ([TelefonverbindungId], [Nummer], [PersonId]) VALUES (103, N'7967662', 47)
GO
INSERT [dbo].[Telefonverbindungen] ([TelefonverbindungId], [Nummer], [PersonId]) VALUES (104, N'+491909069', 47)
GO
INSERT [dbo].[Telefonverbindungen] ([TelefonverbindungId], [Nummer], [PersonId]) VALUES (105, N'7771085', 48)
GO
INSERT [dbo].[Telefonverbindungen] ([TelefonverbindungId], [Nummer], [PersonId]) VALUES (106, N'02161345', 48)
GO
INSERT [dbo].[Telefonverbindungen] ([TelefonverbindungId], [Nummer], [PersonId]) VALUES (107, N'2819943', 48)
GO
INSERT [dbo].[Telefonverbindungen] ([TelefonverbindungId], [Nummer], [PersonId]) VALUES (108, N'02303554', 49)
GO
INSERT [dbo].[Telefonverbindungen] ([TelefonverbindungId], [Nummer], [PersonId]) VALUES (109, N'4513115', 50)
GO
INSERT [dbo].[Telefonverbindungen] ([TelefonverbindungId], [Nummer], [PersonId]) VALUES (110, N'+491310750', 51)
GO
INSERT [dbo].[Telefonverbindungen] ([TelefonverbindungId], [Nummer], [PersonId]) VALUES (111, N'6364139', 51)
GO
INSERT [dbo].[Telefonverbindungen] ([TelefonverbindungId], [Nummer], [PersonId]) VALUES (112, N'1855227', 51)
GO
INSERT [dbo].[Telefonverbindungen] ([TelefonverbindungId], [Nummer], [PersonId]) VALUES (113, N'01104855', 52)
GO
INSERT [dbo].[Telefonverbindungen] ([TelefonverbindungId], [Nummer], [PersonId]) VALUES (114, N'+491386432', 53)
GO
INSERT [dbo].[Telefonverbindungen] ([TelefonverbindungId], [Nummer], [PersonId]) VALUES (115, N'08979294', 54)
GO
INSERT [dbo].[Telefonverbindungen] ([TelefonverbindungId], [Nummer], [PersonId]) VALUES (116, N'07613095', 54)
GO
INSERT [dbo].[Telefonverbindungen] ([TelefonverbindungId], [Nummer], [PersonId]) VALUES (117, N'+491161333', 54)
GO
INSERT [dbo].[Telefonverbindungen] ([TelefonverbindungId], [Nummer], [PersonId]) VALUES (118, N'06726254', 55)
GO
INSERT [dbo].[Telefonverbindungen] ([TelefonverbindungId], [Nummer], [PersonId]) VALUES (119, N'06976751', 55)
GO
INSERT [dbo].[Telefonverbindungen] ([TelefonverbindungId], [Nummer], [PersonId]) VALUES (120, N'+491487781', 55)
GO
INSERT [dbo].[Telefonverbindungen] ([TelefonverbindungId], [Nummer], [PersonId]) VALUES (121, N'06026605', 56)
GO
INSERT [dbo].[Telefonverbindungen] ([TelefonverbindungId], [Nummer], [PersonId]) VALUES (122, N'+491758018', 57)
GO
INSERT [dbo].[Telefonverbindungen] ([TelefonverbindungId], [Nummer], [PersonId]) VALUES (123, N'1449735', 58)
GO
INSERT [dbo].[Telefonverbindungen] ([TelefonverbindungId], [Nummer], [PersonId]) VALUES (124, N'06281530', 58)
GO
INSERT [dbo].[Telefonverbindungen] ([TelefonverbindungId], [Nummer], [PersonId]) VALUES (125, N'5932684', 58)
GO
INSERT [dbo].[Telefonverbindungen] ([TelefonverbindungId], [Nummer], [PersonId]) VALUES (126, N'01339543', 59)
GO
INSERT [dbo].[Telefonverbindungen] ([TelefonverbindungId], [Nummer], [PersonId]) VALUES (127, N'03623119', 59)
GO
INSERT [dbo].[Telefonverbindungen] ([TelefonverbindungId], [Nummer], [PersonId]) VALUES (128, N'9628848', 60)
GO
INSERT [dbo].[Telefonverbindungen] ([TelefonverbindungId], [Nummer], [PersonId]) VALUES (129, N'02586537', 61)
GO
INSERT [dbo].[Telefonverbindungen] ([TelefonverbindungId], [Nummer], [PersonId]) VALUES (130, N'+491182550', 61)
GO
INSERT [dbo].[Telefonverbindungen] ([TelefonverbindungId], [Nummer], [PersonId]) VALUES (131, N'+491985292', 61)
GO
INSERT [dbo].[Telefonverbindungen] ([TelefonverbindungId], [Nummer], [PersonId]) VALUES (132, N'09946544', 62)
GO
INSERT [dbo].[Telefonverbindungen] ([TelefonverbindungId], [Nummer], [PersonId]) VALUES (133, N'+491325985', 62)
GO
INSERT [dbo].[Telefonverbindungen] ([TelefonverbindungId], [Nummer], [PersonId]) VALUES (134, N'+491163366', 62)
GO
INSERT [dbo].[Telefonverbindungen] ([TelefonverbindungId], [Nummer], [PersonId]) VALUES (135, N'6076279', 63)
GO
INSERT [dbo].[Telefonverbindungen] ([TelefonverbindungId], [Nummer], [PersonId]) VALUES (136, N'+491372189', 64)
GO
INSERT [dbo].[Telefonverbindungen] ([TelefonverbindungId], [Nummer], [PersonId]) VALUES (137, N'02171007', 64)
GO
INSERT [dbo].[Telefonverbindungen] ([TelefonverbindungId], [Nummer], [PersonId]) VALUES (138, N'+491656652', 65)
GO
INSERT [dbo].[Telefonverbindungen] ([TelefonverbindungId], [Nummer], [PersonId]) VALUES (139, N'2330401', 66)
GO
INSERT [dbo].[Telefonverbindungen] ([TelefonverbindungId], [Nummer], [PersonId]) VALUES (140, N'2384632', 67)
GO
INSERT [dbo].[Telefonverbindungen] ([TelefonverbindungId], [Nummer], [PersonId]) VALUES (141, N'+491865575', 67)
GO
INSERT [dbo].[Telefonverbindungen] ([TelefonverbindungId], [Nummer], [PersonId]) VALUES (142, N'+491022005', 67)
GO
INSERT [dbo].[Telefonverbindungen] ([TelefonverbindungId], [Nummer], [PersonId]) VALUES (143, N'3208442', 68)
GO
INSERT [dbo].[Telefonverbindungen] ([TelefonverbindungId], [Nummer], [PersonId]) VALUES (144, N'8137285', 69)
GO
INSERT [dbo].[Telefonverbindungen] ([TelefonverbindungId], [Nummer], [PersonId]) VALUES (145, N'1830542', 70)
GO
INSERT [dbo].[Telefonverbindungen] ([TelefonverbindungId], [Nummer], [PersonId]) VALUES (146, N'+491074890', 71)
GO
INSERT [dbo].[Telefonverbindungen] ([TelefonverbindungId], [Nummer], [PersonId]) VALUES (147, N'3283219', 71)
GO
INSERT [dbo].[Telefonverbindungen] ([TelefonverbindungId], [Nummer], [PersonId]) VALUES (148, N'+491422634', 71)
GO
INSERT [dbo].[Telefonverbindungen] ([TelefonverbindungId], [Nummer], [PersonId]) VALUES (149, N'9844195', 72)
GO
INSERT [dbo].[Telefonverbindungen] ([TelefonverbindungId], [Nummer], [PersonId]) VALUES (150, N'+491279148', 73)
GO
INSERT [dbo].[Telefonverbindungen] ([TelefonverbindungId], [Nummer], [PersonId]) VALUES (151, N'04224016', 73)
GO
INSERT [dbo].[Telefonverbindungen] ([TelefonverbindungId], [Nummer], [PersonId]) VALUES (152, N'01722312', 74)
GO
INSERT [dbo].[Telefonverbindungen] ([TelefonverbindungId], [Nummer], [PersonId]) VALUES (153, N'05082224', 75)
GO
INSERT [dbo].[Telefonverbindungen] ([TelefonverbindungId], [Nummer], [PersonId]) VALUES (154, N'9128517', 75)
GO
INSERT [dbo].[Telefonverbindungen] ([TelefonverbindungId], [Nummer], [PersonId]) VALUES (155, N'6888688', 75)
GO
INSERT [dbo].[Telefonverbindungen] ([TelefonverbindungId], [Nummer], [PersonId]) VALUES (156, N'02242942', 76)
GO
INSERT [dbo].[Telefonverbindungen] ([TelefonverbindungId], [Nummer], [PersonId]) VALUES (157, N'09193769', 76)
GO
INSERT [dbo].[Telefonverbindungen] ([TelefonverbindungId], [Nummer], [PersonId]) VALUES (158, N'07337838', 77)
GO
INSERT [dbo].[Telefonverbindungen] ([TelefonverbindungId], [Nummer], [PersonId]) VALUES (159, N'1006022', 78)
GO
INSERT [dbo].[Telefonverbindungen] ([TelefonverbindungId], [Nummer], [PersonId]) VALUES (160, N'1638856', 78)
GO
INSERT [dbo].[Telefonverbindungen] ([TelefonverbindungId], [Nummer], [PersonId]) VALUES (161, N'+491880648', 79)
GO
INSERT [dbo].[Telefonverbindungen] ([TelefonverbindungId], [Nummer], [PersonId]) VALUES (162, N'07561769', 80)
GO
INSERT [dbo].[Telefonverbindungen] ([TelefonverbindungId], [Nummer], [PersonId]) VALUES (163, N'+491771832', 80)
GO
INSERT [dbo].[Telefonverbindungen] ([TelefonverbindungId], [Nummer], [PersonId]) VALUES (164, N'05128225', 81)
GO
INSERT [dbo].[Telefonverbindungen] ([TelefonverbindungId], [Nummer], [PersonId]) VALUES (165, N'5422697', 82)
GO
INSERT [dbo].[Telefonverbindungen] ([TelefonverbindungId], [Nummer], [PersonId]) VALUES (166, N'5168300', 83)
GO
INSERT [dbo].[Telefonverbindungen] ([TelefonverbindungId], [Nummer], [PersonId]) VALUES (167, N'05848279', 83)
GO
INSERT [dbo].[Telefonverbindungen] ([TelefonverbindungId], [Nummer], [PersonId]) VALUES (168, N'+491414695', 83)
GO
INSERT [dbo].[Telefonverbindungen] ([TelefonverbindungId], [Nummer], [PersonId]) VALUES (169, N'8232378', 84)
GO
INSERT [dbo].[Telefonverbindungen] ([TelefonverbindungId], [Nummer], [PersonId]) VALUES (170, N'+491731272', 85)
GO
INSERT [dbo].[Telefonverbindungen] ([TelefonverbindungId], [Nummer], [PersonId]) VALUES (171, N'05922269', 85)
GO
INSERT [dbo].[Telefonverbindungen] ([TelefonverbindungId], [Nummer], [PersonId]) VALUES (172, N'04531529', 85)
GO
INSERT [dbo].[Telefonverbindungen] ([TelefonverbindungId], [Nummer], [PersonId]) VALUES (173, N'+491200921', 86)
GO
INSERT [dbo].[Telefonverbindungen] ([TelefonverbindungId], [Nummer], [PersonId]) VALUES (174, N'09420907', 86)
GO
INSERT [dbo].[Telefonverbindungen] ([TelefonverbindungId], [Nummer], [PersonId]) VALUES (175, N'+491484318', 87)
GO
INSERT [dbo].[Telefonverbindungen] ([TelefonverbindungId], [Nummer], [PersonId]) VALUES (176, N'5807327', 87)
GO
INSERT [dbo].[Telefonverbindungen] ([TelefonverbindungId], [Nummer], [PersonId]) VALUES (177, N'+491279645', 88)
GO
INSERT [dbo].[Telefonverbindungen] ([TelefonverbindungId], [Nummer], [PersonId]) VALUES (178, N'08719246', 88)
GO
INSERT [dbo].[Telefonverbindungen] ([TelefonverbindungId], [Nummer], [PersonId]) VALUES (179, N'+491453297', 89)
GO
INSERT [dbo].[Telefonverbindungen] ([TelefonverbindungId], [Nummer], [PersonId]) VALUES (180, N'5708731', 89)
GO
INSERT [dbo].[Telefonverbindungen] ([TelefonverbindungId], [Nummer], [PersonId]) VALUES (181, N'09986379', 90)
GO
INSERT [dbo].[Telefonverbindungen] ([TelefonverbindungId], [Nummer], [PersonId]) VALUES (182, N'01229430', 90)
GO
INSERT [dbo].[Telefonverbindungen] ([TelefonverbindungId], [Nummer], [PersonId]) VALUES (183, N'+491988645', 90)
GO
INSERT [dbo].[Telefonverbindungen] ([TelefonverbindungId], [Nummer], [PersonId]) VALUES (184, N'01002736', 91)
GO
INSERT [dbo].[Telefonverbindungen] ([TelefonverbindungId], [Nummer], [PersonId]) VALUES (185, N'+491996267', 91)
GO
INSERT [dbo].[Telefonverbindungen] ([TelefonverbindungId], [Nummer], [PersonId]) VALUES (186, N'01731562', 92)
GO
INSERT [dbo].[Telefonverbindungen] ([TelefonverbindungId], [Nummer], [PersonId]) VALUES (187, N'+491281216', 92)
GO
INSERT [dbo].[Telefonverbindungen] ([TelefonverbindungId], [Nummer], [PersonId]) VALUES (188, N'04412243', 92)
GO
INSERT [dbo].[Telefonverbindungen] ([TelefonverbindungId], [Nummer], [PersonId]) VALUES (189, N'+491640340', 93)
GO
INSERT [dbo].[Telefonverbindungen] ([TelefonverbindungId], [Nummer], [PersonId]) VALUES (190, N'4550989', 93)
GO
INSERT [dbo].[Telefonverbindungen] ([TelefonverbindungId], [Nummer], [PersonId]) VALUES (191, N'02616119', 94)
GO
INSERT [dbo].[Telefonverbindungen] ([TelefonverbindungId], [Nummer], [PersonId]) VALUES (192, N'5902623', 94)
GO
INSERT [dbo].[Telefonverbindungen] ([TelefonverbindungId], [Nummer], [PersonId]) VALUES (193, N'+491761887', 95)
GO
INSERT [dbo].[Telefonverbindungen] ([TelefonverbindungId], [Nummer], [PersonId]) VALUES (194, N'9751673', 96)
GO
INSERT [dbo].[Telefonverbindungen] ([TelefonverbindungId], [Nummer], [PersonId]) VALUES (195, N'4379465', 97)
GO
INSERT [dbo].[Telefonverbindungen] ([TelefonverbindungId], [Nummer], [PersonId]) VALUES (196, N'3219880', 98)
GO
INSERT [dbo].[Telefonverbindungen] ([TelefonverbindungId], [Nummer], [PersonId]) VALUES (197, N'6179217', 98)
GO
INSERT [dbo].[Telefonverbindungen] ([TelefonverbindungId], [Nummer], [PersonId]) VALUES (198, N'7129015', 98)
GO
INSERT [dbo].[Telefonverbindungen] ([TelefonverbindungId], [Nummer], [PersonId]) VALUES (199, N'+491155862', 99)
GO
INSERT [dbo].[Telefonverbindungen] ([TelefonverbindungId], [Nummer], [PersonId]) VALUES (200, N'1350107', 99)
GO
INSERT [dbo].[Telefonverbindungen] ([TelefonverbindungId], [Nummer], [PersonId]) VALUES (201, N'09868618', 99)
GO
INSERT [dbo].[Telefonverbindungen] ([TelefonverbindungId], [Nummer], [PersonId]) VALUES (202, N'9118162', 100)
GO
SET IDENTITY_INSERT [dbo].[Telefonverbindungen] OFF
GO
